STRING ID,DESCRIPTION,ENGLISH,FRENCH / FRANÇAIS,SPANISH / ESPAÑOL,GERMAN / DEUTSCH,ITALIAN / ITALIANO,PORTUGUESE / PORTUGUÊS (BR),PORTUGUESE / PORTUGUÊS (PT),RUSSIAN / РУССКИЙ,GREEK / ΕΛΛΗΝΙΚΑ,TURKISH / TÜRKÇE,DANISH / DANSK,NORWEGIAN (NB) / NORSK BOKMÅL,SWEDISH / SVENSKA,DUTCH / NEDERLANDS,POLISH / POLSKI,FINNISH / SUOMI,JAPANESE / 日本語,SIMPLIFIED CHINESE / 简体中文,TRADITIONAL CHINESE / 繁体中文,KOREAN / 한국어,CZECH / ČEŠTINA,HUNGARIAN / MAGYAR,ROMANIAN / ROMÂNĂ,THAI / ภาษาไทย,BULGARIAN / БЪЛГАРСКИ,עברית / HEBREW,MALAY / BAHASA MALAYSIA,INDONESIAN / BAHASA INDONESIA,العَرَبِيةُ / ARABIC
LANGUAGE_CODE,IETF language tag(s) without dash,enUS enGB,frFR,esES esAR esMX,deDE deCH deAT,itIT itCH,ptBR,ptPT,ruRU,elGR,trTR,daDK,noNB,svSE,nlNL,plPL,fiFI,jaJP,zhCN zhSG,zhTW zhHK zhMO,koKR,csCZ,huHU,roRO,thTH,bgBG,heIL,msMS,idID,arSA
LANGUAGE_EN,[LanguageName] in english,English,French,Spanish,German,Italian ,Portuguese (Brazil),Portuguese,Russian,Greek,Turkish,Danish,Norwegian,Swedish,Dutch,Polish,Finnish,Japanese,Simplified Chinese,Traditional Chinese,Korean,Czech,Hungarian,Romanian,Thai,Bulgarian,Hebrew,Malay,Indonesian,Arabic
LANGUAGE_DIRECTION,ltr or rtl (text direction used by game code),ltr,ltr,ltr,ltr,ltr,ltr,ltr,ltr,ltr,ltr,ltr,ltr,ltr,ltr,ltr,ltr,ltr,ltr,ltr,ltr,ltr,ltr,ltr,ltr,ltr,rtl,ltr,ltr,rtl
,,,,,,,,,,,,,,,,,,,,,,,,,,,,,,
BEGIN,,,,,,,,,,,,,,,,,,,,,,,,,,,,,,
MENU_CAMERA,,Camera,Caméra,Cámara,Kamera,Camera,Câmera,Câmera,Камера,Κάμερα,Kamera,Kamera,Kamera,Kamera,Camera,Kamera,Kamera,カメラ,摄影机,攝影機,카메라,Kamera,Kamera,Camera,กล้อง,Камера,מצלמה,,Kamera,
MENU_CAMERA_INVERTED,,Inverted,Inversé,Invertido,Invertiert,Invertito,Invertido,Invertido,Перевёрнутая,Ανεστραμμένη,Ters,Inverteret,Invertert,Inverterad,Omgekeerd,Odwrócona,Käänteinen,反転,反转,反轉,반전,Obrácený,Fordított,Inversată,กล้บด้าน,Обратна,מצלמה הפוכה,,,
MENU_CAMERA_NORMAL,,Normal,Normal,Normal,Normal,Normale,Normal,Normal,Обычная,Κανονική,Normal,Normal,Normal,Normal,Normaal,Normalna,Normaali,通常,标准,標准,보통,Normální,Szokásos,Normal,ปรกติ,Нормална,מצלמה רגילה,,,
MENU_CAMERA_XAXIS,Camera X Axis setting,Camera X-Axis,Axe de Caméra X,Eje X de la cámara,Kamera X-Achse,Asse X della camera,Eixo X da Câmera,Eixo X da Câmera,Камера по оси X,Άξονας Χ της κάμερας,Kamera X Ekseni,Kamera X akse,Kamera X aksen,Kamera X-axel,Camera X-as,Oś X Kamery,Kamera X-akseli,カメラ操作：左右,摄影机X坐标轴,攝影機X坐標軸,카메라 가로축,Kamera osa X,A kamera X tengelye,Axa X a camerei,แกน X,Ос X на камерата,מאפייני ציר-אופקי (מצלמה),,Sumbu X Kamera,
MENU_CAMERA_YAXIS,,Camera Y-Axis,Axe de Caméra Y,Eje Y de la cámara,Kamera Y-Achse,Asse Y della camera,Eixo Y da Câmera,Eixo Y da Câmera,Камера по оси Y,Άξονας Ψ της κάμερας,Kamera Y Ekseni,Kamera Y akse,Kamera Y aksen,Kamera Y-axel,Camera Y-as,Oś Y Kamery,Kamera Y-akseli,カメラ操作：上下,摄影机Y坐标轴,攝影機Y坐標軸,카메라 세로축,Kamera osa Y,A kamera Y tengelye,Axa Y a camerei,แกน Y,Ос Y на камерата,מאפייני ציר-אנכי (מצלמה),,Sumbu Y Kamera,
MENU_CONTROLS_BUTTON,,Button,Bouton,Botón,Knopf,Pulsante,Botão,Botão,Кнопка,Κουμπί,Buton,Knap,Knapp,Knapp,Knop,Przycisk,Painike,ボタン,按键,按鍵,버튼,Tlačítko,Gomb,Buton,ปุ่ม,Бутон,כפתור,,Tombol,
MENU_CONTROLS_CLICK,[Infinitive/tutorial verb],Click,Cliquer,Hacer clic,Anklicken,Clicca,Clique,Clique,Нажать,Κλικ,Tıkla,Klik,Klikk,Klicka,Klik,Kliknij,Napsauta,クリック,点击,點擊,클릭,Klik                                                                  ,Klikk,Click,คลิ๊ก,Кликни,לחץ,,Klik,
MENU_CONTROLS_DEADZONE,,Dead zone,Zone morte,Zona muerta,Tote Zone,Zona morta,Zona morta,Zona morta,Мёртвая зона,Νεκρή ζώνη χειριστηρίου,Ölü Bölge,Dødzone,Dødzone,Död zon,Dood gebied,Martwa strefa,Kuollut alue,デッドゾーン,危险地区,危險地區,데드존,Mrtvá zóna,Holt zóna,Zonă moartă,Dead zone,Мъртва зона,שטח-מת,,Dead zone,
MENU_CONTROLS_DOUBLE_CLICK,[Infinitive/tutorial verb],Double-click,Double cliquer,Hacer doble clic,Doppelklick,Clicca due volte,Clique Duplo,Duplo Clique,Двойное нажатие,Διπλό κλικ,Çift Tıkla,Dobbeltklik,Dobbeltklikk,Dubbelklicka,Dubbelklik,Kliknij dwa razy,Kaksoisnapsauta,ダブルクリック,双击,雙擊,이중 클릭,Dvojklik,Duplaklikk,Dublu click,คลิ๊กสองที,Кликни два пъти,לחיצה כפולה,,Dobel klik,
MENU_CONTROLS_DRAG,[Infinitive/tutorial verb],Drag,Faire glisser,Arrastrar,Ziehen,Trascina,Arrastar,Arrastar,Перетащить,Drag,Sürükle,Træk,Dra,Dra,Sleep,Przeciągnij,Vedä,ドラッグ,拖,拖,끌기,Táhnout,Húzd,Trage,ลาก,Дръпни,משוך,,Tarik,
MENU_CONTROLS_DRAG_DROP,[Infinitive/tutorial verb],Drag and drop,Glisser-déposer,Arrastrar y soltar,Klicken und ziehen,Trascina e rilascia,Arrastar e soltar,Arrastar e largar,Перенести,Drag and drop,Sürükle ve bırak,Træk og slip,Dra og slipp,Drag och släpp,Sleep en zet neer,Przeciągnij i upuść,Raahaa ja pudota,ドラッグ・アンド・ドロップ,拖放,拖放,끌어다 놓기,Táhni a pusť,Húzd és engedd,Drag and drop,ลากไปวาง,Дръпни и пусни,משוך ושחרר,,Tarik dan Lepas,
MENU_CONTROLS_FINGER,[Noun] Touch control,Finger,Doigt,Dedo,Finger,Dito,Dedo,Dedo,Палец,Δάχτυλα,Parmak,Finger,Finger,Finger,Vinger,Palec,Sormi,フィンガー,手指,手指,터치 조작,Prst,Ujj,Deget,นื้ว,Пръст,אצבע,,Jari,
MENU_CONTROLS_GAMEPAD,,Gamepad,Manette,Mando,Gamepad,Controller,Controle,Comando,Геймпад,Gamepad,Oyun Kumandası,Gamepad,Spillkontroll,Handkontroll,Controller,Kontroler,Peliohjain,ゲームパッド,游戏手柄,游戲手柄,게임 패드,Ovladač,Kontroller,Gamepad,จอยสติ๊ก,Джойстик,ג'ויסטיק,,Gamepad,
MENU_CONTROLS_GYROSCOPE,,Gyroscope,Gyroscope,Giroscopio,Lagesensor,Giroscopio,Giroscópio,Giroscópio,Гироскоп,Γυροσκόπιο,Jiroskop,Gyroskop,Gyroskop,Gyro,Gyroscoop,Żyroskop,Gyroskooppi,ジャイロ,回转仪,回轉儀,자이로스코프,Gyroskop,Giroszkóp,Giroscop,Gyroscope,Жироскоп,ג'ירוסקופ,,Gyroscope,
MENU_CONTROLS_KEY,Keyboard key,Key,Touche,Tecla,Taste,Tasto,Tecla,Tecla,Клавиша,Πλήκτρο,Tuş,Tast,Tast,Tangent,Knop,Klawisz,Näppäin,キー,关键,關鍵,글쇠,Klávesa,Billentyű,Tastă,คีย์,Клавиш,מקש,,Tombol,
MENU_CONTROLS_KEYBOARD,,Keyboard,Clavier,Teclado,Tastatur,Tastiera,Teclado,Teclado,Клавиатура,Πληκτρολόγιο,Klavye,Keyboard,Tastatur,Tangentbord,Toetsenbord,Klawiatura,Näppäimistö,キーボード,键盘,鍵盤,자판,Klávesnice,Billentyűzet,Tastatură,คีย์บอร์ด,Клавиатура,מקלדת,,Keyboard,
MENU_CONTROLS_MOUSE,,Mouse,Souris,Ratón,Maus,Mouse,Mouse,Rato,Мышь,Ποντίκι,Fare,Mus,Mus,Mus,Muis,Mysz,Hiiri,マウス,鼠标,鼠標,마우스,Myš,Egér,Mouse,เมาส์,Мишка,עכבר,,Mouse,
MENU_CONTROLS_MOUSE_SENSITIVITY,,Mouse sensitivity,Sensibilité de la souris,Sensibilidad,Mausempfindlichkeit,Sensibilità mouse,Sensibilidade do mouse,Sensibilidade do rato,Чувствительность мыши,Ευαισθησία ποντικιού,Fare hassasiyeti,Musefølsomhed,Musesensitivitet,Muskänslighet,Muis gevoeligheid,Czułość myszy,Hiiren herkkyys,マウス感度,鼠标灵敏度,鼠標靈敏度,마우스 감도,Citlivost myši,Egérérzékenység,Sensitivitate mouse,ความไวการรับค่าเมาส์,Чувствителност на мишката,רגישות עכבר,,Sensitifitas Mouse,
MENU_CONTROLS_PINCH,[Infinitive/tutorial verb] Touch control,Pinch,Pincer,Pellizcar,Zusammenziehen,Pizzica,Espremer,Beliscar,Свести пальцы,Pinch,Sıkıştır,Knib,Klyp,Nyp,Knijp,Zwęź,Nipistä,ピンチ,捏,捏,손가락 모으기,Zúžení,Csípés,Ciupește,รวบนิ้ว,Защипи,צבוט,,Cubit,
MENU_CONTROLS_ROTATE,[Infinitive/tutorial verb],Rotate,Pivoter,Rotar,Drehen,Ruota,Rotacionar,Rodar,Повернуть,Περιστροφή,Döndür,Rotér,Roter,Rotera,Draai,Obróć,Pyöritä,回転,环绕,環繞,돌리기,Rotovat,Forgatás,Rotește,หมุน,Завърти,סובב,,Rotasi,
MENU_CONTROLS_SCROLL,[Infinitive/tutorial verb],Scroll,Faire défiler,Desplazar,Scrollen,Scorri,Rolar,Scroll,Прокрутить,Κύλιση,Kaydır,Scroll,Rull,Skrolla,Scroll,Przewiń,Vieritä,スクロール,滚动,滾動,스크롤,Přetáčet,Görgetés,Scroll,ไหล,Плъзни,גלול,,,
MENU_CONTROLS_SHAKE,[Infinitive/tutorial verb],Shake,Secouer,Sacudir,Schütteln,Scuoti,Vibrar,Abanar,Встряхнуть,Ανακίνηση,Salla,Ryst,Rist,Skaka,Schud,Potrząśnij,Ravista,シェイク,震动,震動,흔들기,Třepat,Rázás,Scutură,เขย่า,Разклати,שקשק,,Goyang,
MENU_CONTROLS_SPREAD,[Infinitive/tutorial verb] Touch control,Spread,Écarter,Extender,Auseinanderziehen,Estendi,Esticar,Afastar,Раздвинуть пальцы,Spread,Ayır,Spred,Spre,Dra isär,Spreid,Rozciągnij,Laajenna,スプレッド,扩,擴,손가락 펼치기,Rozšířit,Kend,Întinde,แยกนิ้ว,Разтвори,פרוס,,,
MENU_CONTROLS_SWIPE,[Infinitive/tutorial verb] Touch control,Swipe,Faire glisser,Barrer,Wischen,Striscia,Deslizar,Deslizar,Провести пальцем,Swipe,Kaydır,Swipe,Dra,Svep,Veeg,Przejedź,Pyyhkäise,スワイプ,滑动,滑動,밀기,Výpad,Húzd,Swipe,ตวัดนิ้ว,Прокарай пръст,החלק,,,
MENU_CONTROLS_TAP,[Infinitive/tutorial verb] Touch control,Tap,Tapoter,Tocar,Antippen,Tocca,Tocar,Toque,Коснуться пальцем,Ελαφρό χτύπημα,Tıkla,Tap,Trykk,Tryck,Tik,Dotknij,Paina,タップ,触摸,觸摸,터치하기,Klepnout,Érintés,Apasă,แตะ,Натисни,גע,,Sentuh,
MENU_CONTROLS_THE_BUTTON,,The button,Le bouton,El botón,Der Knopf,Il pulsante,O botão,O botão,Кнопка,Το κουμπί,Buton,Knappen,Knappen,Knappen,De knop,Przycisk,Painike,ボタン,按键,按鍵,버튼,Toto tlačítko,A gomb,Butonul,ปุ่ม,Бутонът,הכפתור,,Tombol,
MENU_CONTROLS_THE_KEY,The keyboard key,The key,La touche,La tecla,Die Taste,Il tasto,A tecla,A tecla,Клавиша,Το πλήκτρο,Tuş,Tasten,Tasten,Tangenten,De knop,Klawisz,Näppäintä,キー,关键,關鍵,글쇠,Tato klávesa,Billentyű,Tasta,คีย์,Клавишът,המקש,,Tombol,
MENU_CONTROLS_TILT,[Infinitive/tutorial verb],Tilt,Pencher,Rotar,Kippen,Ruota,Balançar,Inclinar,Наклонить,Κλίση,Eğ,Tilt,Tilt,Luta,Kantel,Przechyl,Kallista,ティルト,倾斜,傾斜,기울이기,Naklonit,Döntés,Înclină,เอียง,Наклони,הטה,,,
MENU_CUSTOMIZE_ARM,,Arm,Bras,Brazo,Arm,Braccio,Braço,Braço,Рука,Μπράτσο,Kol,Arm,Arm,Arm,Arm,Ramię,Käsivarsi,腕,臂,臂,팔,Paže,Kar,Braț,แขน,Ръка,זרוע,,Lengan,
MENU_CUSTOMIZE_ARM_PLURAL,,Arms,Bras,Brazos,Arme,Braccia,Braços,Braços,Руки,Μπράτσα,Kollar,Arme,Armer,Armar,Armen,Ramiona,Käsivarret,腕,臂,臂,팔,Paže,Karok,Brațe,แขน,Ръце,זרועות,,Lengan,
MENU_CUSTOMIZE_CHEST,Body part not treasure,Chest,Torse,Pecho,Brust,Torso,Peito,Peito,Грудь,Στήθος,Gövde,Bryst,Bryst,Bröst,Borst,Pierś,Rinta,胸,胸,胸,가슴,Hrudník,Mell,Piept,หน้าอก,Гърди,חזה,,Dada,
MENU_CUSTOMIZE_CHIN,,Chin,Menton,Barbilla,Kinn,Mento,Queixo,Queixo,Подбородок,Πηγούνι,Çene,Hage,Hake,Haka,Kin,Broda,Leuka,顎,下巴,下巴,턱,Brada,Áll,Barbă,คาง,Брадичка,סנטר,,Dagu,
MENU_CUSTOMIZE_COLOR,,Color,Couleur,Color,Farbe,Colore,Cor,Cor,Цвет,Χρώμα,Renk,Farve,Farge,Färg,Kleur,Kolor,Väri,色,颜色,顏色,색,Barva,Szín,Culoare,สี,Цвят,צבע,,Warna,
MENU_CUSTOMIZE_EAR,,Ear,Oreille,Oreja,Ohr,Orecchio,Orelha,Orelha,Ухо,Αυτί,Kulak,Øre,Øre,Öra,Oor,Ucho,Korva,耳,耳,耳,귀,Ucho,Fül,Ureche,หู,Ухо,אוזן,,Telinga,
MENU_CUSTOMIZE_EAR_PLURAL,,Ears,Oreilles,Orejas,Ohren,Orecchie,Orelhas,Orelhas,Уши,Αυτιά,Kulaklar,Ører,Ører,Öron,Oren,Uszy,Korvat,耳,耳朵,耳朵,귀,Uši,Fülek,Urechi,หู,Уши,אוזניים,,Telinga,
MENU_CUSTOMIZE_EYE,,Eye,Oeil,Ojo,Auge,Occhio,Olho,Olho,Глаз,Μάτι,Göz,Øje,Øye,Öga,Oog,Oko,Silmä,目,眼,眼,눈,Oko,Szem,Ochi,ตา,Око,עין,,Mata,
MENU_CUSTOMIZE_EYE_PLURAL,,Eyes,Yeux,Ojos,Augen,Occhi,Olhos,Olhos,Глаза,Μάτια,Gözler,Øjne,Øyne,Ögon,Ogen,Oczy,Silmät,目,眼睛,眼睛,눈,Oči,Szemek,Ochii,ตา,Очи,עיניים,,Mata,
MENU_CUSTOMIZE_FEET,,Feet,Pieds,Pies,Füße,Piedi,Pés,Pés,Стопы,Πατούσες,Ayaklar,Fødder,Føtter,Fötter,Voeten,Stopy,Jalat,足,双脚,雙腳,발,Chodidla,Lábfejek,Labele picioarelor,เท้า,Стъпала,כפות רגליים,,Kaki,
MENU_CUSTOMIZE_FOOT,,Foot,Pied,Pie,Fuß,Piede,Pé,Pé,Стопа,Πατούσα,Ayak,Fod,Fot,Fot,Voet,Stopa,Jalka,足,脚,腳,발,Chodidlo,Lábfej,Laba piciorului,เท้า,Стъпало,כף רגל,,Kaki,
MENU_CUSTOMIZE_HAIR,All-purpose term,Hair,Poils,Pelo,Haare,Peli,Pelo,Pelo,Волосы,Μαλλιά,Saç,Hår,Hår,Hår,Haar,Włosy,Karvoitus,毛,毛,毛,털,Vlasy,Szőr,Păr,ขน,Окосмение,שיער,,Rambut,
MENU_CUSTOMIZE_HAIR_BEARD,Facial hair,Beard,Barbe,Barba,Bart,Barba,Barba,Barba,Борода,Μούσια,Sakal,Skæg,Skjegg,Skägg,Baard,Zarost,Parta,髭,胡子,胡子,수염,Vousy,Szakáll,Barbă,หนวดเครา,Брада,זקן,,Janggut,
MENU_CUSTOMIZE_HAIR_FUR,Animal fur,Fur,Pelage,Pelaje,Fell,Pelo,Pelos,Pelos,Мех,Γούνα,Post,Pels,Pels,Päls,Vacht,Owłosienie,Turkki,毛皮,毛皮,毛皮,털,Srst,Szőr,Blană,ขน,Козина,פרווה,,Bulu,
MENU_CUSTOMIZE_HAIR_HEAD,,Hair,Cheveux,Cabello,Haare,Capelli,Cabelo,Cabelo,Прическа,Μαλλιά,Saç,Hår,Hår,Hår,Haar,Fryzura,Hiukset,髪,头发,頭發,머리카락,Vlasy,Haj,Păr din cap,ผม,Коса,שיער,,Rambut,
MENU_CUSTOMIZE_HAND,,Hand,Main,Mano,Hand,Mano,Mão,Mão,Кисть,Χέρι,El,Hånd,Hånd,Hand,Hand,Ręka,Käsi,手,手,手,손,Ruka,Kéz,Mână,มือ,Длан,יד,,Tangan,
MENU_CUSTOMIZE_HAND_PLURAL,,Hands,Mains,Manos,Hände,Mani,Mãos,Mãos,Кисти,Χέρια,Eller,Hænder,Hender,Händer,Handen,Ręce,Kädet,手,手,手,손,Ruce,Kezek,Mâini,มือ,Длани,ידיים,,Tangan,
MENU_CUSTOMIZE_HEAD,,Head,Tête,Cabeza,Kopf,Testa,Cabeça,Cabeça,Голова,Κεφάλι,Kafa,Hoved,Hode,Huvud,Hoofd,Głowa,Pää,頭,头,頭,머리,Hlava,Fej,Cap,หัว,Глава,ראש,,Kepala,
MENU_CUSTOMIZE_HIPS,,Hips,Hanches,Cadera,Hüften,Fianchi,Cintura,Ancas,Бедра,Γλουτοί,Kalça,Hofter,Hofter,Höfter,Heupen,Biodra,Lantio,腰,臀部,臀部,엉덩이,Boky,Csípő,Șold,สะโพก,Бедра,מותניים,,Pinggang,
MENU_CUSTOMIZE_LEG,,Leg,Jambe,Pierna,Bein,Gamba,Perna,Perna,Нога,Πόδι,Bacak,Ben,Ben,Ben,Been,Noga,Reisi,脚,腿,腿,다리,Noha,Láb,Picior,ขา,Крак,רגל,,Tungkai,
MENU_CUSTOMIZE_LEG_PLURAL,,Legs,Jambes,Piernas,Beine,Gambe,Pernas,Pernas,Ноги,Πόδια,Bacaklar,Ben,Ben,Ben,Benen,Nogi,Reidet,脚,双腿,雙腿,다리,Nohy,Lábak,Picioare,ขา,Крака,רגליים,,Tungkai,
MENU_CUSTOMIZE_MOUTH,,Mouth,Bouche,Boca,Mund,Bocca,Boca,Boca,Рот,Στόμα,Ağız,Mund,Munn,Mun,Mond,Usta,Suu,口,嘴巴,嘴巴,입,Pusa,Száj,Gură,ปาก,Уста,פה,,Mulut,
MENU_CUSTOMIZE_NECK,,Neck,Cou,Cuello,Genick,Collo,Pescoço,Pescoço,Шея,Λαιμός,Boyun,Hals,Hals,Hals,Nek,Szyja,Kaula,首,颈,頸,목,Krk,Nyak,Gât,คอ,Врат,צוואר,,Leher,
MENU_CUSTOMIZE_NOSE,,Nose,Nez,Nariz,Nase,Naso,Nariz,Nariz,Нос,Μύτη,Burun,Næse,Nese,Näsa,Neus,Nos,Nenä,鼻,鼻子,鼻子,코,Nos,Orr,Nas,จมูก,Нос,אף,,Hidung,
MENU_CUSTOMIZE_SKIN,,Skin,Peau,Piel,Haut,Pelle,Pele,Pele,Кожа,Δέρμα,Deri,Hud,Hud,Hud,Huid,Skóra,Iho,肌,皮肤,皮膚,피부,Pleť,Bőr,Piele,ผิว,Кожа,עור,,Kulit,
MENU_CUSTOMIZE_THORAX,,Thorax,Thorax,Torax,Brustkorb,Torace,Tórax,Tórax,Грудная клетка,Θώρακας,Göğüs,Brystkasse,Brystkasse,Bröstkorg,Borstkas,Klatka piersiowa,Keskivartalo,胸郭,胸部,胸部,상반신,Krunýř,Mellkas,Torace,ช่วงอก,Гръден кош,חזה,,,
MENU_DIFFICULTY,Difficulty,Difficulty,Difficulté,Dificultad,Schwierigkeitsgrad,Difficoltà,Dificuldade,Dificuldade,Сложность,Δυσκολία,Zorluk,Sværhedsgrad,Vanskelighetsgrad,Svårighetsgrad,Moeilijkheid,Poziom trudności,Vaikeustaso,難易度,难度,難度,난이도,Obtížnost,Nehézség,Dificultate,ระดับความยาก,Трудност,רמת קושי,,Tingkat Kesulitan,الصعوبة
MENU_DIFFICULTY_EASY,Difficulty,Easy,Facile,Fácil,Einfach,Facile,Fácil,Fácil,Просто,Εύκολο,Kolay,Let,Enkelt,Lätt,Makkelijk,Łatwy,Helppo,易しい,简单,簡單,쉬움,Snadná,Könnyű,Ușor,ง่าย,Лесно,קל,,Mudah,سهل
MENU_DIFFICULTY_HARD,Difficulty,Hard,Difficile,Difícil,Schwer,Difficile,Difícil,Difícil,Сложно,Δύσκολο,Zor,Svært,Vanskelig,Svårt,Moeilijk,Trudny,Vaikea,難しい,困难,困難,어려움,Těžká,Nehéz,Greu,ยาก,Трудно ,קשה,,Sulit,صعب
MENU_DIFFICULTY_IMPOSSIBLE,Difficulty,Impossible,Impossible,Imposible,Unmöglich,Impossibile,Impossível,Impossível,Невозможно,Ακατόρθωτα δύσκολο,İmkansız,Umulig,Umulig,Omöjligt,Onmogelijk,Niemożliwy,Mahdoton,クリア不可能,不可能,不可能,불가능,Nemožná,Lehetetlen,Imposibil,เป็นไปไม่ได้,Невъзможно,בלתי אפשרי,,Tidak memungkinkan,مستحيل
MENU_DIFFICULTY_INSANE,Difficulty,Insane,Dément,Enfermizo,Wahnsinn,Folle,Insano,Insano,Безумно,Απαράδεκτα δύσκολο,Akıllara Zarar,Sindsyg,Sinnsyk,Galet,Krankzinnig,Szalony,Älytön,マニアック,疯狂,瘋狂,매니악,Šílená,Őrült nehéz,Nebunesc,ยากสุดๆ,Лудост,מטורף,,Gila,مجنون
MENU_DIFFICULTY_MEDIUM,Difficulty,Medium,Moyen,Intermedio,Mittel,Medio,Médio,Médio,Средне,Μέτριο,Orta,Middel,Middels,Lagom svårt,Normaal,Średni,Normaali,普通,中等,中等,보통,Střední,Közepes,Mediu,ปานกลาง,Средно,בינוני,,Sedang,متوسط
MENU_DIFFICULTY_VERY_EASY,Difficulty,Very Easy,Très facile,Muy fácil,Sehr einfach,Molto facile,Muito Fácil,Muito Fácil,Очень просто,Πολύ εύκολο,Çok Kolay,Meget Let,Veldig Enkelt,Väldigt lätt,Zeer makkelijk,Bardzo łatwy,Erittäin helppo,とても易しい,非常简单,非常簡單,매우 쉬움,Velmi snadná,Nagyon könnyű,Foarte ușor,ง่ายมาก,Много лесно,קל מאוד,,Sangat Mudah,سهل جدا
MENU_DIFFICULTY_VERY_HARD,Difficulty,Very Hard,Très difficile,Muy difícil,Sehr schwer,Molto difficile,Muito Difícil,Muito Difícil,Очень сложно,Πολύ δύσκολο,Çok Zor,Meget Svært,Veldig Vanskelig,Väldigt svårt,Zeer moeilijk,Bardzo trudny,Erittäin vaikea,とても難しい,非常困难,非常困難,매우 어려움,Velmi težká,Nagyon nehéz,Foarte greu,ยากมาก,Много трудно,קשה במיוחד,,Sangat Sulit,صعب جدا
MENU_DIR_DOWN,,Down,Bas,Abajo,Unten,Giù,Abaixo,Baixo,Вниз,Κάτω,Aşağı,Ned,Ned,Ner,Omlaag,Dół,Alas,下,下,下,아래,Dolů,Le,Jos,ล่าง,Надолу,למטה,,Bawah,
MENU_DIR_LEFT,,Left,Gauche,Izquierda,Links,Sinistra,Esquerda,Esquerda,Влево,Αριστερά,Sol,Venstre,Venstre,Vänster,Links,Lewo,Vasen,左,左,左,왼쪽,vlevo,Bal,Stânga,ซ้าย,Наляво,שמאלה,,Kiri,
MENU_DIR_RIGHT,,Right,Droite,Derecha,Rechts,Destra,Direita,Direita,Вправо,Δεξί,Sağ,Højre,Høyre,Höger,Rechts,Prawo,Oikea,右,右,右,오른쪽,vpravo,Jobb,Dreapta,ขวา,Надясно,ימינה,,Kanan,
MENU_DIR_UP,,Up,Haut,Arriba,Oben,Su,Acima,Cima,Вверх,Πάνω,Yukarı,Op,Opp,Upp,Omhoog,Góra,Ylös,上,上,上,위,Nahoru,Fel,Sus,บน,Нагоре,למעלה,,Atas,
MENU_IO_LOAD,,Load,Charger,Cargar,Laden,Carica,Carregar,Carregar,Загрузить,Άνοιγμα,Yükle,Indlæs,Laste Opp,Ladda,Laden,Wczytaj,Lataa,ロード,载入,載入,불러오기,Načíst,Betöltés,Încarcă,โหลด,Зареди,טען,,Load,تحميل
MENU_IO_LOAD_GAME,,Load Game,Charger partie,Cargar juego,Spiel laden,Carica partita,Carregar Jogo,Carregar Jogo,Загрузить игру,Άνοιγμα παιχνιδιού,Oyunu Yükle,Indlæs Spil,Laste Opp Spill,Ladda spel,Spel laden,Wczytaj Grę,Lataa peli,ゲームデータをロード,载入游戏,載入游戲,게임 불러오기,Načíst hru,Játék betöltése,Încarcă Jocul,โหลดเกม,Зареди игра,טען משחק שמור,,Load Game,تحميل اللعبة
MENU_IO_LOADING,,Loading...,Chargement...,Cargando...,Lädt...,Caricamento...,Carregando…,A carregar...,Загрузка…,Φορτώνει,Yükleniyor...,Indlæser...,Laster...,Laddar...,Laden...,Wczytywanie...,Ladataan...,ローディング中…,正在登录中...,正在登錄中...,불러오는 중,Načítám...,Töltés folyamatban,Se încărca...,กำลังโหลด,Зареждане...,טוען...,,Loading...,
MENU_IO_PLEASE_WAIT,,Please wait...,Veuillez patienter...,Por favor espera...,Bitte warten,Attendi...,Por favor aguarde…,Aguarde por favor...,Подождите немного...,Περίμενε παρακαλώ,Lütfen bekleyiniz...,Vent venligst...,Venligst vent...,Var vänlig vänta...,Even geduld...,Proszę czekać...,Odota hetki...,お待ちください…,请消侯等待...,請消侯等待...,잠시만 기다려 주세요,Prosím čekejte...,Kis türelmet...,Vă rugăm să așteptați...,กรุณารอซักครู่,Моля изчакайте...,אנא המתן,,Mohon Tunggu...,
MENU_IO_RESET_SAVE_DATA,Reset whatever save data is in focus,Reset save data?,Réinitialiser les données ?,¿Borrar los datos guardados?,Spielstand zurücksetzen?,Resettare dati salvati?,Apagar progresso?,Reinicializar dados guardados?,Сбросить сохранение?,Να διαγραφούν τα αποθηκευμένα δεδομένα;,Verileri Sıfırla,Nulstil spildata?,Nullstill spilldata,Återställ spardata?,Waarden opnieuw instellen?,Zresetować zapisane dane ?,Aseta alkutilaan,セーブデータを消去しますか？,重设已保存数据,重設已保存數據,저장된 데이터를 초기화할까요?,Zrušit nastavení?,Adatok visszaállítása,Resetează datele?,ล้างข้อมูลที่บันทึก,Изтрий запазеното?,אפס נתונים שמורים?,,Reset data simpanan?,
MENU_IO_SAVE,,Save,Sauvegarder,Guardar,Speichern,Salva,Salvar,Guardar,Сохранить,Αποθήκευσε,Kaydet,Gem,Lagre,Spara,Opslaan,Zapisz,Tallenna,セーブ,保存,保存,저장,Uložit,Mentés,Salvează,บันทึก,Запази,שמור,,Simpan,حفظ
MENU_IO_SAVE_DATA,Save data: preferences profiles saved games,Save data,Sauvegarder les données,Guardar partida,Spiel speichern,Salva dati,Salvar progresso,Guardar progresso,Сохранения,Αποθήκευση δεδομένων,Kaydet,Spildata,Spilldata,Spardata,Waarden opslaan,Zapisz dane,Tallenna tiedot,セーブデータ,保存数据,保存數據,저장된 데이터,Uložit nastavení,Adatok mentése,Salvează datele,บันทึกข้อมูล,Запазени данни,שמור נתונים,,Data simpanan,
MENU_IO_SAVE_GAME,,Save Game,Sauvegarder partie,Guardar juego,Spiel speichern,Salva partita,Salvar Jogo,Guardar Jogo,Сохранить игру,Αποθήκευσε παιχνίδι,Oyunu Kaydet,Gem Spil,Lagre Spill,Spara spel,Spel opslaan,Zapisz Grę,Tallenna peli,ゲームデータをセーブ,保存欧系,保存歐系,게임 저장,Uložit hru,Játék mentése,Salvează Jocul,บันทึกเกม,Запази игра,שמור משחק,,Simpan Permainan,حفظ اللعبة
MENU_IO_SAVING,,Saving...,Sauvegarde en cours...,Guardando...,Spiel wird gespeichert...,Salvataggio...,Salvando…,A guardar...,Сохранение…,Γίνεται αποθήκευση...,Kaydediliyor...,Gemmer...,Lagrer...,Sparar...,Opslaan...,Zapisywanie...,Tallennetaan...,セーブ中…,保存中…,保存中…,저장하는 중,Ukládám...,Mentés folyamatban,Se salvează...,กำลัังบันทึก,Запазване...,שומר...,,Sedang Menyimpan...,جاري الحفظ...
MENU_LABEL_ALL,,All,Tous,Todos,Alle,Tutti,Todos,Todos,Все,Όλα,Tümü,Alle,Alle,Alla,Iedereen,Wszystkie,Kaikki,すべて,全部,全部,모두,Všechny,Mind,Toate,ทั้งหมด,Всички,הכל,,,
MENU_LABEL_AGE,,Age,Âge,Edad,Alter,Età,Idade,Idade,Возраст,Ηλικία,Yaş,Alder,Alder,Ålder,Leeftijd,Wiek,Ikä,年齢,年龄,年齡,나이,Věk,Kor,Vârstă,อายุ,Възраст,גיל,,Umur,
MENU_LABEL_ARE_YOU_REALLY_SURE,,Are you really sure?,Êtes-vous vraiment sûr ?,¿Estás totalmente seguro?,Bist du wirklich sicher?,Sei davvero sicuro?,Você tem certeza absoluta?,Você tem mesmo a certeza?,Вы точно уверены?,Απολύτως σίγουρα;,Gerçekten emin misiniz?,Er du helt sikker?,Er du helt sikker?,Är du helt säker?,Weet je het heel zeker?,Naprawdę?,Oletko aivan varma?,本当によろしいですか？,你是否确认？,你是否確認？,정말로 확실합니까?,Jste si opravdu jist?,Egészen biztos vagy benne?,Ești foarte sigur?,คุณมั่นใจแล้วจริงๆนะ?,Наистина ли потвърждаваш?,באמת באמת בטוח?,,Apakah kamu benar-benar yakin?,
MENU_LABEL_ARE_YOU_SURE,A generic confirmation,Are you sure?,Êtes-vous certain ?,¿Estás seguro?,Bist du sicher?,Sei sicuro?,Você tem certeza?,Você tem a certeza?,Вы уверены?,Σίγουρα;,Emin misiniz?,Er du sikker?,Er du sikker?,Är du säker?,Weet je het zeker?,Na pewno?,Oletko varma?,よろしいですか？,你确定吗？,你確定嗎？,확실합니까?,Jste si jist?,Biztos vagy benne?,Ești sigur?,มั่นใจแล้วนะ?,Наистина ли?,אתה בטוח?,,Apakah kamu yakin?,هل انت متأكد؟
MENU_LABEL_BACK,Back one level in selections,Back,Retour,Volver,Zurück,Indietro,Voltar,Atrás,Назад,Επιστροφή,Geri,Tilbage,Tilbake,Tillbaka,Terug,Wstecz,Takaisin,戻る,返回,返回,뒤로,Zpět,Vissza,Înapoi,กลับ,Назад,חזרה,,,
MENU_LABEL_BACKGROUND_MUSIC,,Background music,Volume du fond sonore,Música de fondo,Hintergrundmusik,Musica di sottofondo,Música de fundo,Música de fundo,Музыка,Μουσική,Arkafon Müziği,Baggrundsmusik,Bakgrundsmusikk,Bakgrundsmusik,Achtergrondmuziek,Podkład muzyczny,Taustamusiikki,BGM,背景音乐,背景音樂,배경 음악,Hudba v pozadí,Háttérzene,Volum muzică de fundal,คนตรีประกอบ,Музика,עוצמת מוזיקת רקע,,Musik latar,
MENU_LABEL_CANCEL,,Cancel,Annuler,Cancelar,Abbrechen,Cancella,Cancelar,Cancelar,Отмена,Ακύρωση,İptal,Annuler,Avbryte,Avbryt,Annuleren,Anuluj,Peruuta,キャンセル,取消,取消,취소,Storno,Mégse,Anulare,ยกเลิก,Отмени,ביטול,,Batal,
MENU_LABEL_CLOSE,Close window,Close,Fermer,Cerrar,Schließen,Chiudi,Fechar,Fechar,Закрыть,Κλείσιμο,Kapat,Luk,Steng,Stäng,Sluiten,Zamknij,Sulje,閉じる,关闭,關閉,닫기,Zavřít,Bezárás,Închide,ปิด,Затвори,סגור,,Tutup,
MENU_LABEL_CONFIRM_BUTTON,Choose selected button,Confirm,Confirmer,Confirmar,Bestätigen,Conferma,Confirmar,Confirmar,Принять,Επιβεβαίωση,Onayla,Godkend,Bekrefte,Välj,Bevestigen,Zatwierdź,Valmis,決定,确认,確認,확인,Potvrdit,Rendben,Confirmă,ยืนยัน,Потвърди,אשר,,Yakin,
MENU_LABEL_CONTINUE,,Continue,Continuer,Continuar,Fortsetzen,Continua,Continuar,Continuar,Продолжить игру,Συνέχεια,Devam Et,Fortsæt,Gå videre,Fortsätt,Doorgaan,Kontynuuj,Jatka,続ける,继续,繼續,계속,Pokračovat,Folytatás,Continuă,เล่นต่อ,Продължи,המשך,,Lanjut,متابعة
MENU_LABEL_CONTINUE_QUESTION,,Continue?,Continuer ?,¿Continuar?,Fortfahren?,Continua?,Continuar?,Continuar?,Продолжить игру?,Συνέχεια;,Devam edilsin mi?,Fortsæt?,Gå videre?,Fortsätt?,Doorgaan?,Kontynuować?,Jatka?,続けますか？,继续？,繼續？,계속할까요?,Pokračovat?,Folytatod?,Continui?,เล่นต่อ?,Продължи?,להמשיך?,,Lanjut?,متابعة؟
MENU_LABEL_CREDITS,Authors list,Credits,Remerciements,Créditos,Credits,Crediti,Créditos,Créditos,Авторы,Συντελεστές,Künye,Credits,Medvirkende,Medverkande,Credits,Twórcy,Lopputekstit,クレジット,功劳,製作群,제작진,Autoři,Készítők,Credite,เครดิต,Създатели,תודות,,Kredit,
MENU_LABEL_DESKTOP,,Exit to Desktop,Retourner sur le bureau,Salir al escritorio,Zurück zum Desktop,Torna al desktop,Sair para a área de trabalho,Sair para o ambiente de trabalho,Выйти на рабочий стол,Επιστροφή στο περιβάλλον εργασίας,Masaüstüne Çıkış,Afslut til Skrivebord,Avslutt til skrivebordet,Avsluta till skrivbordet,Sluiten naar bureaublad,Wyjdź do Pulpitu,Poistu työpöydälle,終了してデスクトップへ戻る,退出至桌面,退出至桌面,바탕화면으로 나가기,Odejít na plochu,Kilépés a munkaasztalra,Ieșire către Desktop,ออกสู่ desktop,Излез от играта,יציאה לשולחן העבודה,,Keluar ke Desktop,الخروج لسطح المكتب
MENU_LABEL_DESKTOP_QUESTION,,Exit to Desktop?,Retourner sur le bureau ?,¿Salir al escritorio?,Zum Desktop zurückkehren?,Tornare al desktop?,Sair para a área de trabalho?,Sair para o ambiente de trabalho?,Выйти на рабочий стол?,Να επιστρέψω στο περιβάλλον εργασίας;,Masaüstüne çıkılsın mı?,Afslut til Skrivebord?,Avslutt til skrivebordet?,Avsluta till skrivbordet?,Sluiten naar bureaublad?,Wyjść do Pulpitu?,Poistu työpöydälle?,終了してデスクトップへ戻りますか？,退出至桌面？,退出至桌面？,바탕화면으로 나가겠습니까?,Odejít na plochu?,Kilépsz az asztalra?,Ieși catre Desktop?,ต้องการออกสู่ desktop?,Наистина ли излизаш от играта?,לצאת לשולחן העבודה?,,Keluar ke Desktop?,الخروج لسطح المكتب؟
MENU_LABEL_DLC,Downloadable content (abbreviation/short),DLC,DLC,DLC,DLC,DLC,DLC,DLC,Дополнения,DLC,DLC,DLC,DLC,DLC,DLC,DLC,Lisäsisältö,DLC,DLC,DLC,DLC,Stáhnutelný obsah,DLC,DLC,DLC,Допълнения,הרחבה,,,
MENU_LABEL_DOWNLOAD,[Verb] ,Download,Télécharger,Descargar,Herunterladen,Scarica,Baixar,Transferir,Загрузить,Λήψη,İndir,Download,Last ned,Ladda ner,Downloaden,Pobierz,Lataa,ダウンロード,下载,下載,내려받기,Stáhnout,Letöltés,Descarcă,ดาวน์โหลด,Изтегли,הורד,,Unduh,
MENU_LABEL_DOWNLOADABLE,Downloadable content (long),Downloadable content,Contenu téléchargeable,Contenido descargable,Inhalte zum Herunterladen,Contenuto scaricabile,Conteúdo adicional,Conteúdo Transferível,Загружаемый контент,Περιεχόμενο προς λήψη,İndirilebilir İçerik,Downloadbar indhold,Nedlastbart innhold,Nedladdningsbart material,Downloadbare inhoud,Zawartość do pobrania,Ladattava sisältö,ダウンロードコンテンツ,下载包,下載內容,다운로드 콘텐츠,Obsah ke stažení,Letölthető tartalom,Conţinut Suplimentar,เนื้อหาที่ดาวน์โหลดได้,Допълнително съдържание,תוכן נוסף,,,
MENU_LABEL_EXIT,Leave a state or place,Exit,Sortir,Salir,Beenden,Esci,Sair,Sair,Покинуть,Έξοδος,Çıkış,Afslut,Avslutt,Avsluta,Aflsuiten,Wyjdź,Lopeta,終了する,退出,退出,나가기,Odejít,Kilépés,Ieși,ออก,Излез,יציאה,,Keluar,خروج
MENU_LABEL_EXIT_QUESTION,,Exit?,Sortir ?,¿Salir?,Beenden?,Uscire?,Sair?,Sair?,Выйти?,Έξοδος;,Oyundan çıkılsın mı?,Afslut?,Avslutt?,Avsluta?,Afsluiten?,Wyjść?,Lopeta?,終了しますか？,退出？,退出？,나가겠습니까?,Odejít?,Kilépsz?,Ieșire?,ต้องการออก?,Излизаш ли?,לצאת?,,Keluar?,خروج؟
MENU_LABEL_EXTRAS,,Extras,Extras,Extras,Extras,Extra,Extras,Extras,Дополнительно,Επιπρόσθετα,Ekstra,Ekstra indhold,Ekstra innhold,Extra innehåll,Extra's,Dodatki,Ekstrat,エキストラ,演员,演員,추가 컨텐츠,Extra,Extra,Extra,เพิ่มเติม,Екстри,תוכן נוסף,,Ekstra,
MENU_LABEL_FRAMESPERSEC,Frames Per Second,FPS,IPS,FPS,FPS,FPS,FPS,FPS,Кадровая частота,FPS,FPS,FPS,FPS,Bild/s,FPS,FPS,FPS,FPS,FPS,FPS,FPS,FPS,FPS,Cadre pe secundă (FPS),เฟรมต่อวินาที,Кадри/сек.,FPS,,Frame Per Detik,
MENU_LABEL_GALLERY,,Art gallery,Galerie d'art,Galería de arte,Kunstgalerie,Galleria d'arte,Galeria,Galeria,Галерея,Γκαλερί,Sanat Galerisi,Kunstgalleri,Kunstgalleri,Konstgalleri,Kunstgallerij,Galeria,Galleria,アートギャラリー,艺术馆,藝術館,아트 갤러리,Galerie umění,Képtár,Galerie de artă,แกลเลอรี่,Галерия,גלריה,,Galeri,
MENU_LABEL_GOODBYE,,Goodbye!,Au revoir !,¡Adiós!,Auf Wiedersehen!,Arrivederci!,Adeus!,Adeus!,До свидания!,Αντίο!,Güle güle!,Farvel!,Ha det!,Farväl!,Vaarwel!,Do zobaczenia!,Näkemiin!,さようなら！,再见！,再見！,안녕히 가세요!,Nashledanou!,Viszont látásra!,La revedere!,ลาก่อน,Довиждане!,להתראות!,,Selamat Tinggal!,مع السلامة!
MENU_LABEL_GRAPHICS,,Graphics,Graphismes,Gráficos,Grafik,Grafica,Gráficos,Gráficos,Графика,Γραφικά,Grafikler,Grafik,Grafikk,Grafik,Beeld,Grafika,Grafiikka,グラフィック,图形设置,圖形設置,그래픽,Grafika,Grafika,Grafică,กราฟฟิค,Графика,גרפיקה,,Grafik,الرسوميات
MENU_LABEL_IAP,[Singular],In-app purchase,Achats intégré,Compra integrada,In-App-Verkäufe,Acquisti In-app,Compra no aplicativo,Compra no aplicativo,Внутриигровая покупка,Αγορές εντός εφαρμογής,Oyun içi satın alım,In-app køb,In-app kjøp,Köp inuti app,In-app aankoop,Zakup wewnątrz aplikacji,Sovelluksen sisäinen ostos,アプリ内購入,在应用程序内购买,在應用程序內購買,앱 내 구매,Nákup v aplikaci,Alkalmazásbeli vásárlás,Achiziție in aplicație,เสนอขายภายในเกม,Покупка с реална валута,IAP,,,
MENU_LABEL_LANGUAGE,,Language,Langue,Idioma,Sprache,Lingua,Idioma,Linguagem,Язык,Γλώσσα,Dil,Sprog,Språk,Språk,Taal,Jezyk,Kieli,言語,语言,語言,언어,Jazyk,Nyelv,Limbă,ภาษา,Език,שפה,,Bahasa,
MENU_LABEL_LEVEL,Game stage (not game world or char level),Level,Niveau,Nivel,Level,Livello,Fase,Nível,Уровень,Επίπεδο,Seviye,Bane,Nivå,Bana,Level,Poziom,Taso,ステージ,级别,級別,레벨,Úroveň,Szint,Nivel,ระดับขั้น,Ниво,שלב,,,
MENU_LABEL_MAIL,In-game mailbox,Mail,Mail,Correo,Mailbox,Posta,Correio,Correio,Почта,Ταχυδρομικές υπηρεσίες,Posta Kutusu,Postkasse,Postkasse,Brev,Postvak,Poczta,Viestit,メール,邮件,郵件,메일,Mail,Posta,Mail,จดหมาย,Поща,דואר,,Surat,
MENU_LABEL_MAINMENU,,Main Menu,Menu principal,Menú principal,Hauptmenü,Menu principale,Menu Principal,Menu Principal,Главное меню,Κεντρικό Μενού,Ana Menü,Hovedmenu,Hovedmeny,Huvudmeny,Hoofdmenu,Menu Główne,Päävalikko,メインメニュー,主界面,主界面,메뉴,Hlavní menu,Főmenü,Meniu Principal,เมนูหลัก,Главно меню,מסך ראשי,,Menu Utama,القائمة الرئيسية
MENU_LABEL_MORE,,More,Plus,Más,Mehr,Altro,Mais,Mais,Ещё,Περισσότερα,Daha Fazla,Mere,Mer,Mer,Meer,Więcej,Lisää,詳細,更多,更多,다른,Více,Több,Mai multe,แสดงมากขึ้น,Още,עוד,,Lebih,
MENU_LABEL_MUSIC,,Music,Musique,Música,Musik,Musica,Música,Música,Музыка,Μουσική,Müzik,Musik,Musikk,Musik,Muziek,Muzyka,Musiikki,音楽,音乐,音樂,음악,Hudba,Zene,Muzică,เพลง,Музика,מוזיקה,,Musik,
MENU_LABEL_MUSIC_PLAYER,,Music Player,Lecteur de musique,Reproductor de música,Musikspieler,Lettore musicale,Reprodutor de Música,Leitor de Música,Музыкальный плеер,Music Player,Müzik Oynatıcı,Musikafspiller,Musikkspiller,Musikspelare,Muziekspeler,Odtwarzacz Muzyki,Musiikinsoitin,音楽プレーヤー,音乐播放器,音樂播放器,음악 재생기,Hudební přehrávač,Zene lejátszó,Player muzical,เครื่องมือเล่นเพลง,Музикален плейър,נגן מוזיקה,,Pemain Musik,
MENU_LABEL_NEW_GAME,,New Game,Nouvelle partie,Juego nuevo,Neues Spiel,Nuova partita,Novo Jogo,Novo Jogo,Новая игра,Νέο παιχνίδι,Yeni Oyun,Nyt Spil,Nytt Spill,Nytt spel,Nieuw spel,Nowa Gra,Uusi peli,新しいゲーム,新游戏,新游戲,새 게임,Nová hra,Új játék,Joc nou,เริ่มเกมใหม่,Нова игра,משחק חדש,,Game Baru,لعبة جديدة
MENU_LABEL_NEXT,,Next,Suivant,Siguiente,Weiter,Avanti,Próximo,Próximo,След.,Επόμενο,Sonraki,Næste,Neste,Nästa,Volgende,Dalej,Seuraava,次へ,下一个,下一個,다음,Další,Következő,Următorul,ต่อไป,Нататък,הבא,,Berikut,
MENU_LABEL_NEXT_TRACK,Next music track/song,Next track,Piste suivante,Siguiente canción,Nächster Titel,Traccia successiva,Próxima música,Próxima música,След. трек,Επόμενο κομμάτι,Sonraki parça,Næste nummer,Neste spor,Nästa låt,Volgend nummer,Nastepny utwór,Seuraava kappale,次の曲,下一个曲目,下一個曲目,다음 곡,Další skladba,Következő dal,Melodia următoare,เพลงต่อไป,Следваща песен,שיר הבא,,Track Selanjutnya,
MENU_LABEL_NO,,No,Non,No,Nein,No,Não,Não,Нет,Όχι,Hayır,Nej,Nei,Nej,Nee,Nie,Ei,いいえ,否,否,아니요,Ne,Nem,Nu,ไม่ใช่่,Не,לא,Tidak,Tidak,لا
MENU_LABEL_NO_CAPS,,NO,NON,NO,NEIN,NO,NÃO,NÃO,НЕТ,ΟΧΙ,HAYIR,NEJ,NEI,NEJ,NEE,NIE,EI,いいえ,否,否,아니요,NE,NEM,NU,ไม่ใช่,НЕ,לא,TIDAK,TIDAK,لا
MENU_LABEL_NOPE,A more casual 'no',Nope,Nan,Nah,Nö,No,Nah,Não,Неа,Μπα,Yoo,Næh,Nei,Nej,Nope,Nie,Ei,だめ,不行,不行,아니,Nikoliv,Nem,Nah,ไม่ใช่,Мне,לא,Tidak,Nggak,ابدا
MENU_LABEL_OK,As in Windows dialog,OK,OK,Ok,OK,Ok,Ok,Ok,ОК,ΟΚ,TAMAM,OK,OK,OK,OK,OK,OK,OK,OK,OK,확인,OK,OK,OK,ตกลง,Приеми,טוב,,OK,
MENU_LABEL_PAUSE,[Infinitive/tutorial verb] common term,Pause,Pause,Pausa,Pause,Pausa,Pausar,Pausa,Пауза,Παύση,Durdur,Pause,Pause,Pausa,Pauzeren,Pauza,Pysäytä,ポーズ,暂停,暫停,일시 정지,Pauza,Szünet,Pauză,หยุด,Паузирай,השהה,,Pause,ايقاف
MENU_LABEL_PAUSED,,Paused,En pause,Pausado,Pausiert,In pausa,Pausado,Em Pausa,Приостановлено,Σε παύση,Durduruldu,Pauset,Pauset,Pausat,Gepauzeerd,Pauza,Pysäytetty,ポーズ中,暂停中,暫停中,일시 정지됨,Pozastaveno,Szünetelve,Suspendat,หยุด,Пауза,מושהה,,Sedang Pause,
MENU_LABEL_PLAY,,Play,Jouer,Jugar,Spielen,Gioca,Jogar,Jogar,Играть,Παίξε,Oyna,Spil,Spill,Spela,Spelen,Zagraj,Pelaa,プレイ,开始,開始,플레이,Hrát,Játszás,Joacă,เล่น,Играй,התחל,,Main,
MENU_LABEL_PLAY_AGAIN,,Play again,Rejouer,Jugar otra vez,Noch einmal spielen,Gioca di nuovo,Jogar novamente,Jogar novamente,Играть заново,Ξαναπαίξε,Tekrar Oyna,Spil igen,Spill igjen,Spela igen,Speel opnieuw,Zagraj jeszcze raz,Pelaa uudestaan,再プレイ,再玩一次,再玩一次,다시 하기,Hrát znova,Újrajátszás,Joacă din nou,เล่นใหม่,Играй отново,התחל מחדש,,Main lagi,
MENU_LABEL_PRESS_ANYKEY,,Press any key,Appuyez sur une touche,Pulsa cualquier tecla,Drücke eine beliebige Taste,Premi un tasto,Pressione qualquer botão,Carregue em qualquer tecla,Нажмите любую клавишу,Πάτα ένα πλήκτρο,Herhangi bir tuşa bas,Tryk en vilkårlig tast,Trykk en knapp,Tryck på valfri knapp,Druk op een knop,Naciśnij dowolny klawisz,Paina mitä tahansa näppäintä,いずれかのキーを押す,按下任意键,按下任意鍵,아무 키나 누르세요,Stiskněte libovolnou klávesu,Nyomj egy gombot,Apasă orice tasta,กดปุ่มใดๆ,Натисни бутон,כדי להתחיל לחץ על אחד מהמקשים,,Tekan tombol apapun,اضغط على أي مفتاح
MENU_LABEL_PRESS_ANYKEY_CONTINUE,,Press any key to continue,Appuyez sur une touche pour continuer,Pulsa cualquier tecla para continuar,Drücke eine beliebige Taste um fortzufahren,Premi un tasto per continuare,Pressione qualquer botão para continuar,Carregue em qualquer tecla para continuar,Нажмите любую клавишу для продолжения,Πάτα ένα πλήκτρο για να συνεχίσεις,Devam etmek için herhangi bir tuşa bas,Tryk en vilkårlig tast for at fortsætte,Trykk en knapp for å gå videre,Tryck på valfri knapp för att fortsätta,Drup op een knop om door te gaan,Aby kontynuować naciśnij dowolny klawisz,Paina mitä tahansa näppäintä jatkaaksesi,続けるにはいずれかのキーを押す,按下任意键以继续,按下任意鍵以繼續,계속하려면 아무 키나 누르세요,Stiskněte libovolnou klávesu pro pokračování,Nyomj egy gombot a folytatáshoz,Apasă orice tasta pentru a continua,กดปุ่มใดๆ เพื่อไปต่อ,Натисни бутон за да продължиш,כדי להמשיך לחץ על אחד מהמקשים ,,Tekan tombol apapun untuk lanjut,اضغط على أي مفتاح للمتابعة
MENU_LABEL_PRESS_START,"""Start"" is a literal button name",Press Start,Appuyez sur Start,Pulsa Start,Start drücken,Premi Start,Pressione Start,Carrega no Start,Нажмите Start,Πάτα Έναρξη,Başla'ya bas,Tryk Start,Trykk Start,Tryck start,Druk op Start,Naciśnij Start,Paina Start,STARTボタンを押す,按下开始,按下開始,‘시작’을 누르세요,Stiskněte start,Nyomd meg a startot,Apasă Start,กดปุ่ม start,Натисни Start,לחץ התחל,,Tekan Mulai,اضغط ابدأ
MENU_LABEL_PRESS_START_CONTINUE,"""Start"" is a literal button name",Press Start to continue,Appuyez sur Start pour continuer,Pulsa Start para continuar,Drücke Start um fortzufahren,Premi Start per continuare,Pressione Start para continuar,Carrega no Start para continuar,Нажмите Start для продолжения,Πάτα Έναρξη για να συνεχίσεις,Devam etmek için Başla'ya bas,Tryk Start for at fortsætte,Trykk Start for å gå videre,Tryck start för att fortsätta,Druk op Start om door te gaan,Aby kontynuować naciśnij Start,Paina Start jatkaaksesi,続けるにはSTARTボタンを押す,按下开始以继续,按下開始以繼續,계속하려면 ‘시작’을 누르세요,Stiskněte start pro pokračování,Nyomd meg a startot a folytatáshoz,Apasă Start pentru a continua,กดปุุ่ม start เพื่อเริ่ม,Натисни Start за да продължиш,כדי להמשיך לחץ התחל,,Tekan Mulai untuk lanjut,اضغط ابدأ للمتابعة
MENU_LABEL_PREVIOUS,,Previous,Précédent,Anterior,Zurück,Indietro,Anterior,Anterior,Пред.,Προηγούμενο,Önceki,Forrige,Forrige,Föregående,Vorige,Wstecz,Edellinen,前へ,返回,返回,이전,Předchozí,Elöző,Anteriorul,ก่อนหน้า,Назад,הקודם,,Sebelumnya,
MENU_LABEL_PREVIOUS_TRACK,Previous music track/song,Previous track,Piste précedente,Canción anterior,Vorheriger Titel,Traccia precedente,Música anterior,Música Anterior,Пред. трек,Προηγούμενο κομμάτι,Önceki parça,Forrige nummer,Forrige spor,Föregående låten,Vorig nummer,Poprzedni utwór,Edellinen kappale,先の曲,上一曲目,上一曲目,이전 곡,Předchozí skladba,Elöző dal,Melodia precedentă,เพลงก่อนหน้า,Предишна песен,שיר קודם,,Track Sebelumnya,
MENU_LABEL_PRICE,,Price,Prix,Precio,Preis,Prezzo,Preço,Preço,Цена,Τιμή,Fiyat,Pris,Pris,Pris,Prijs,Cena,Hinta,価格,价钱,價錢,가격,Cena,Ár,Preț,ราคา,Цена,מחיר,,Harga,
MENU_LABEL_PRICE_FREE,,Free,Gratuit,Gratis,Kostenlos,Gratis,Grátis,Grátis,Бесплатно,Ελεύθερο,Bedava,Gratis,Gratis,Gratis,Gratis,Darmowy,Ilmainen,無料,免费,免費,무료,Zdarma,Ingyenes,Gratis,ฟรี,Безплатно,חינם,,Gratis,
MENU_LABEL_PURCHASE,[Infinitive/tutorial verb],Purchase,Acheter,Comprar,Kaufen,Compra,Comprar,Comprar,Купить,Αγόρασε,Satın Al,Køb,Kjøp,Köp,Kopen,Kup,Osta,購入,购买,購買,구매하기,Zakoupit,Vásárlás,Cumpără,ซื้อ,Купи,קנה,,Beli,
MENU_LABEL_QUIT,Leave the game (keep short),Quit,Quitter,Cerrar,Beenden,Esci,Sair,Sair,Выход,Έξοδος,Oyunu Kapat,Afslut,Avslutt,Avsluta,Stoppen,Wyjdź,Lopeta,終了する,退出,退出,종료,Ukončit hru,Bezárás,Închidere,ออก,Изход,הפסק,,Berhenti,انهاء
MENU_LABEL_QUIT_CONFIRM,,Are you sure you want to quit?,Êtes-vous certain de vouloir quitter ?,¿Seguro que quieres salir?,Wirklich beenden?,Sicuro di voler uscire?,Você tem certeza de que quer sair?,Tem a certeza que quer sair?,Вы точно хотите выйти?,Σίγουρα θέλετε να εγκαταλείψετε;,Çıkmak istediğinize emin misiniz?,Er du sikker på du vil afslutte?,Er du sikker på at du vil avslutte?,Är du säker på att du vill avsluta?,Weet je zeker dat je wilt stoppen?,Czy na pewno chcesz wyjść?,Haluatko varmasti lopettaa?,本当に終了しますか？,你确定你需要退出吗？,你確定你需要退出嗎？,정말로 종료할까요?,Opravdu chcete hru ukončit?,Biztos ki akarsz lépni?,Ești sigur că vrei să închizi?,มั่นใจหรือไม่ว่าต้องการออก?,Наистина ли искаш да се откажеш?,אתה בטוח שאתה רוצה להפסיק?,,Benarkah kamu ingin berhenti?,هل انت متأكد من الانهاء؟
MENU_LABEL_QUIT_QUESTION,,Quit?,Quitter ?,¿Salir?,Spiel beenden?,Uscire?,Sair?,Sair?,Выйти из игры?,Έξοδος;,Oyun kapatılsın mı?,Afslut?,Avslutt?,Avsluta?,Stoppen?,Wyjść?,Lopeta?,終了しますか？,退出？,退出？,종료할까요?,Ukončít hru?,Kilépsz?,Închizi?,ต้องการออก?,Отказваш ли се?,להפסיק?,,Berhenti?,انهاء؟
MENU_LABEL_REPLAY,Show the replay of the last game ,Replay,Revoir,Repetir,Replay,Rigioca,Replay,Replay,Переиграть,Επανάληψη,Tekrarını İzle,Spil igen,Spill igjen,Spela igen,Speel opnieuw,Replay,Uusinta,リプレイ,重播,重播,리플레이,Přehrát,Újra játszás,Joaca din nou,เล่นอีกรอบ,Повторение,הילוך-חוזר,,Main Ulang,
MENU_LABEL_RETURN,,Return,Retour,Volver,Zurück,Ritorna,Retornar,Voltar,Назад,Επιστροφή,Geri Dön,Tilbage,Gå tilbake,Återgå,Terug,Powrót,Palaa,戻る,返回,返回,돌아가기,Zpět,Visszalépés,Întoarcere,กลับ,Връщане,חזור,,Kembali,العودة
MENU_LABEL_RETURN_MAIN,,Return to Main Menu,Retourner au menu principal,Volver al menú principal,Zurück zum Hauptmenü,Ritorna al menù principale,Retornar ao Menu Principal,Regressar ao Menu Principal,Вернуться в главное меню,Επιστροφή στο Κεντρικό Μενού,Ana Menü'ye geri dön,Tilbage til hovedmenuen,Gå til hoved meny,Återgå till huvudmeny,Terug naar hoofdmenu,Powrót do Menu Głównego,Palaa päävalikkoon,メインメニューに戻る,返回至主界面,返回至主界面,메인 메뉴로 돌아가기,Vrátit se na hlavní menu,Vissza a főmenüre,Întoarcere către meniul principal,กลับไปเมนูหลัก,Върни се към основното меню,חזור למסך הראשי,,Kembali ke Menu Utama,العودة للقائمة الرئيسية
MENU_LABEL_RETURN_MAIN_QUESTION,,Return to Main Menu?,Retourner au menu principal ?,¿Volver al menú principal?,Zum Hauptmenü zurückkehren?,Ritornare al menù principale?,Retornar ao Menu Principal?,Regressar ao Menu Principal?,Вернуться в главное меню?,Επιστροφή στο Κεντρικό Μενού;,Ana Menü'ye geri dönülsün mü?,Tilbage til hovedmenuen?,Ga til hoved menyen?,Återgå till huvudmeny?,Terug naar hoofdmenu?,Wrócić do Menu Głównego?,Palaa päävalikkoon?,メインメニューに戻りますか？,返回至主界面？,返回至主界面？,메인 메뉴로 돌아갈까요?,Vrátit se na hlavní menu ?,Visszalépsz a főmenüre?,Întoarcere către meniul principal?,กลับไปเมนูหลัก?,Връщаш ли се към основно меню?,לחזור למסך הראשי?,,Kembali ke Menu Utama?,العودة للقائمة الرئيسية؟
MENU_LABEL_SHARE,Share via social media,Share,Partager,Compartir,Teilen,Condividi,Compartilhar,Compartilhar,Поделиться,Μοιραστείτε,Paylaş,Del,Del,Dela,Delen,Pochwal się,Jaa,共有,分享,分享,공유하기,Sdílet,Megosztás,Împărtășește,แชร์,Сподели,שתף,,Bagikan,
MENU_LABEL_SKIP,Skip cutscene skip replay (Generic),Skip,Passer,Saltar,Replay überspringen,Salta,Pular,Saltar,Пропустить,Παράλειψη,Atla,Spring over,Hopp over,Hoppa över,Overslaan,Pomiń,Ohita,スキップ,跳过,跳過,건너뛰기,Přeskočit,Kihagyás,Treci peste,ข้าม,Прескочи,דלג,,Lewati,
MENU_LABEL_SOUND,,Sound,Son,Sonido,Audio,Audio,Som,Som,Звук,Ήχος,Ses,Lyd,Lyd,Ljud,Geluid,Dźwiek,Ääni,サウンド,声音,聲音,음향,Zvuk,Hang,Sunet,เสียง,Звук,קול,,Suara,الصوت
MENU_LABEL_THANK_YOU,,Thank you!,Merci !,¡Gracias!,Danke!,Grazie!,Obrigado!,Obrigado!,Спасибо!,Ευχαριστώ!,Teşekkürler!,Tak!,Takk!,Tack!,Bedankt!,Dziekuję!,Kiitos!,ありがとう！,谢谢！,謝謝！,감사합니다!,Děkuji!,Köszönöm,Mulțumesc!,ขอบคุณ,Благодаря!,תודה!,,Terima kasih!,شكرا لك!
MENU_LABEL_UNLOCK,[Infinitive/tutorial verb],Unlock,Déverrouiller,Desbloquear,Freischalten,Sblocca,Desbloquear,Desbloquear,Открыть,Ξεκλείδωσε,Kilidini Aç,Lås op,Lås opp,Lås upp,Ontgrendelen,Odblokuj,Avaa,アンロック,开锁,開鎖,잠김 해제,Odemknout,Feloldás,Deblocare,ปลดล๊อค,Отключи,שחרר נעילה,,,
MENU_LABEL_VIDEO,,Video,Vidéo,Vídeo,Video,Video,Vídeo,Vídeo,Видео,Εικόνα,Video,Video,Video,Video,Video,Jakość Wideo,Video,ビデオクオリティ,视频设置,視頻設置,영상,Kvalita obrazu,Video,Video,คุณภาพวีดิโอ,Видео,וידאו,,Kualitas Video,الفيديو
MENU_LABEL_VOICES,,Voices,Voix,Voces,Stimmen,Voci,Vozes,Vozes,Голоса,Ομιλία,Konuşmalar,Stemmer,Stemmer,Röster,Stemmen,Mowa,Äänet,ボイス,声音,聲音,음성,Hlasy,Párbeszédek,Voce,เสียงพูด,Говор,קולות,,Suara Percakapan,
MENU_LABEL_WARNING,,Warning,Avertissement,Aviso,Warnung,Attenzione,Aviso,Aviso,Внимание!,Προειδοποίηση,Uyarı,Advarsel,Advarsel,Varning,Waarschuwing,Uwaga,Varoitus,警告,注意,注意,경고,Upozornění,Figyelem!,Atenție!,คำเตือน,Внимание,אזהרה,,Peringatan,
MENU_LABEL_WELCOME,,Welcome,Bienvenue,Bienvenido,Willkommen,Benvenuto,Bem vindo,Bem-vindo,Добро пожаловать,Καλωσήρθατε,Hoşgeldiniz,Velkommen,Velkommen,Välkommen,Welkom,Witaj,Tervetuloa,ようこそ,欢迎,歡迎,환영합니다,Vítejte,Üdvözölünk,Bine ai venit,ยินดีต้อนรับ,Привет,שלום,,Selamat Datang,
MENU_LABEL_WORLD,,World,Monde,Mundo,Welt,Mondo,Mundo,Mundo,Мир,Κόσμος,Dünya,Verden,Verden,Värld,Wereld,Świat,Maailma,世界,世界,世界,세계,Svět,Világ,Lume,โลก,Свят,עולם,,,
MENU_LABEL_YEAH,A more casual 'yes',Yeah,Ouais,Seh,Jo,Si,Uhum,Sim,Ага,Ναι,Hee,Jah,Ja,Japp,Jup,Tak,Joo,いいよ,好的,好的,응,Jistě,Ja,Dap,ใช่,Аха,בסדר,Ya,Ya,بالتأكيد
MENU_LABEL_YES,,Yes,Oui,Sí,Ja,Sì,Sim,Sim,Да,Ναι,Evet,Ja,Ja,Ja,Ja,Tak,Kyllä,はい,是,是,예,Ano,Igen,Da,ใช่,Да,כן,Ya,Iya,نعم
MENU_LABEL_YES_CAPS,,YES,OUI,SÍ,JA,SI,SIM,SIM,ДА,ΝΑΙ,EVET,JA,JA,JA,JA,TAK,KYLLÄ,はい,是,是,예,ANO,IGEN,DA,ใช่,ДА,כן,YA,IYA,نعم
MENU_LANGUAGE_DIRECTION,ltr or rtl (text direction used by game code),ltr,ltr,ltr,ltr,ltr,ltr,ltr,ltr,ltr,ltr,ltr,ltr,ltr,ltr,ltr,ltr,ltr,ltr,ltr,ltr,ltr,ltr,ltr,ltr,ltr,rtl,ltr,ltr,rtl
MENU_LANGUAGE_THIS,"""MyLanguage"" in native text",English,Français,Español,Deutsch,Italiano,Português Brasileiro,Português,Pусский,Ελληνικά,Türkçe,Dansk,Norsk Bokmål,Svenska,Nederlands,Polski,Suomi,日本語,简体中文,繁體中文,한국어,Čeština,Magyar,Română,ภาษาไทย,Български,עברית,Bahasa Malaysia,Bahasa Indonesia,العَرَبِيةُ 
MENU_LANGUAGE_THIS_EN,"""MyLanguage"" in english text",English,French,Spanish,German,Italian ,Portuguese (Brazil),Portuguese (Portugal),Russian,Greek,Turkish,Danish,Norwegian,Swedish,Dutch,Polish,Finnish,Japanese,Simplified Chinese,Traditional Chinese,Korean,Czech,Hungarian,Romanian,Thai,Bulgarian,Hebrew,Malay,Indonesian,Arabic
MENU_LOGIN,[Verb],Login,Se connecter,Iniciar sesión,Login,Login,Login,Login,Вход,Είσοδος,Giriş,Log ind,Logg in,Logga in,Login,Logowanie,Kirjaudu,ログイン,登录,登錄,로그인,Přihlášení,Csatlakozás,Conectare,ล๊อกอิน,Влез,כניסה,,Masuk,
MENU_LOGIN_EMAIL,Email address,E-mail,E-mail,E-mail,E-Mail,E-mail,E-mail,E-mail,E-Mail,Ηλεκτρονικό ταχυδρομείο,E-Mail,E-mail,E-postaddresse,E-postadress,E-mail,E-mail,Sähköposti,Eメール,电子邮件,電子郵件,이메일,E-mail,E-mail,E-mail,อีเมล,Имейл,כתובת-דואר,,Email,
MENU_LOGIN_FORGOT,,Forgot password,Mot de passe oublié,Olvidé mi contraseña,Passwort vergessen?,Password dimenticata?,Esqueceu sua senha?,Esqueceu-se da password?,Забыл пароль,Ξέχασα τον κωδικό μου,Şifremi Unuttum,Glemt kodeord,Glemt passord,Glömt lösenord,Wachtwoord vergeten,Nie pamiętam hasła,Unohdin salasanan,パスワードを忘れた,忘记密码,忘記密碼,비밀번호를 잊으셨나요?,Zapomenuté heslo,Elfelejtettem a jelszót,Am uitat parola,ลืมรหัสผ่าน,Забравена парола,שכחת סיסמה?,,Lupa kata sandi,
MENU_LOGIN_PASSWORD,,Password,Mot de passe,Contraseña,Passwort,Password,Senha,Password,Пароль,Κωδικός,Şifre,Adgangskode,Adgangskode,Lösenord,Wachtwoord,Hasło,Salasana,パスワード,密码,密碼,비밀번호,Heslo,Jelszó,Parolă,รหัสลับ,Парола,סיסמה,,Kata Kunci,
MENU_LOGIN_REGISTER,[Verb],Register,S'inscrire,Registrarse,Registrieren,Registrati,Registrar,Registar,Регистрация,Εγγραφή,Kayıt Ol,Registrér,Register,Registrera,Registreer,Rejestracja,Rekisteröidy,登録,注册,注冊,회원 가입,Registrace,Felirakozás,Înregistrare,ลงทะเบียน,Регистрирай се,הירשם,,Daftar,
MENU_LOGIN_REMEMBER,Remember entered data on this device?,Remember?,Se rappeler de moi ?,¿Recordarme en este dispositivo?,Auf diesem Gerät merken?,Ricordami?,Lembrar?,Lembrar?,Запомнить?,Θυμήσου με,Beni Hatırla,Husk?,Husk?,Kom ihåg?,Onthouden,Nie wylogowuj mnie,Muista?,保存しますか？,记住,記住,계정 정보 저장,Pamatujete ?,Megjegyzés?,Reține?,จดจำ,Запомни?,לזכור אותך לפעם הבאה?,,Ingat,
MENU_MODE_CHALLENGE,[Noun],Challenge,Défi,Desafío,Herausforderung,Sfida,Desafio,Desafio,Испытание,Πρόκληση,Meydan Okuma,Challenge,Utfordring,Utmaning,Uitdaging,Wyzwanie,Haaste,チャレンジ,挑战,挑戰,도전,Výzva,Kihívás,Provocare,Challenge,Предизвикателство,אתגר,,Tantangan,
MENU_MODE_CHALLENGE_MODE,"For challenges like ""Win in 30 secs""",Challenge mode,Mode défi,Modo desafío,Herausforderungsmodus,Modalità sfida,Modo Desafio,Modo Desafio,Режим испытаний,Δοκιμασία,Zorlu Mod,Challenge mode,Utforderings type,Utmaningsläge,Uitdagingsmodus,Wyzwania,Haastetila,チャレンジモード,挑战模式,挑戰模式,도전 모드,Mód Výzvy,Kihívásos mód,Mod provocare,Challenge mode,Предизвикателства,אתגר,,Mode Tantangan,
MENU_MODE_COOP,,Co-op,Co-op,Co-op,Koop,Coop,Co-op,Co-op,Co-op,Co-op,Eşli Oyun,Co-op,Samarbeid,Samarbete,Co-op,Kooperacja,Yhteistyöpeli,協力,合作,團隊合作,협동,Ko-op,Co-op,Co-op,ร่วมมือ,Кооп,שיתוף-פעולה,,Co-op,تعاوني
MENU_MODE_COOPERATIVE,,Cooperative,Coopération,Cooperativo,Koop-Modus,Modalità coop,Cooperativo,Cooperativo,Совместная игра,Co-op,Eşli Oyun,Kooperativ,Samarbeidsspill,Samarbetsläge,Coöperatieve,Kooperacja,Yhteistyöpeli,協力モード,合作模式,合作模式,협동 플레이,Kooperativní hra,Együttműködő,Cooperativ,ความร่วมมือ,Кооперативна игра,שיתוף-פעולה,,Kooperatif,تعاوني
MENU_MODE_DEATHMATCH,,Deathmatch,Match à mort,Partida a muerte,Deathmatch,Deathmatch,Mata-mata,Deathmatch,Бой насмерть,Deathmatch,Ölüm Maçı,Deathmatch,Dødsmatch,Dödsmatch,Deathmatch,Deathmatch,Deathmatch,デスマッチ,死亡竞赛,死亡競賽,데스매치,Všichni proti všem,Deathmatch,Deathmatch,เดธแมตช์,Детмач,כולם-נגד-כולם,,Deathmatch,لعبة حتى الموت
MENU_MODE_HELP,,Help,Aide,Ayuda,Hilfe,Aiuto,Ajuda,Ajuda,Помощь,Βοήθεια,Yardım,Hjælp,Hjelp,Hjälp,Help,Pomoc,Ohje,ヘルプ,帮助,幫助,도움말,Nápověda,Súgó,Ajutor,ช่วยเหลือ,Помощ,עזרה,,Bantuan,
MENU_MODE_INSTRUCTIONS,,Instructions,Instructions,Instrucciones,Anleitung,Istruzioni,Instruções,Instruções,Инструкции,Οδηγίες,Yönergeler,Instruktioner,Instruksjoner,Instruktioner,Instructies,Instrukcje,Ohjeet,説明,说明,說明,설명,Instrukce,Használati utasítás,Instrucțiuni,คำแนะนำ,Инструкции,הוראות,,Petunjuk,
MENU_MODE_MULTIPLAYER,,Multiplayer,Multijoueur,Multijugador,Mehrspielermodus,Multiplayer,Multijogador,Multijogador,Мультиплеер,Πολλαπλοί παίχτες,Çok oyuncu,Flere spillere,Flerspiller,Flera spelare,Meerdere spelers,Gra Wieloosobowa,Moninpeli,マルチプレイ,联机模式,聯機模式,멀티플레이,Více hráčů,Többjátékos mód,Multiplayer,ผู้เล่นหลายคน,Мултиплейър,משחק מרובה-משתתפים,,,عدة لاعبين
MENU_MODE_MULTIPLAYER_LOCAL,,Local Multiplayer,Multijoueur local,Multijugador local,Lokaler Mehrspielermodus,Multiplayer in locale,Multijogador local,Multijogador local,Игра по локальной сети,Πολλαπλοί παίχτες τοπικά,Lokal Ağ,Lokal Multiplayer,Lokal flere spiller,Lokalt flerspelarläge,Lokale Multiplayer,Lokalna Gra Wieloosobowa,Paikallinen moninpeli,ローカルマルチプレイ,本地联机,本地聯機,로컬 멀티플레이,Hrát po lokální síti,Helyi többjátékos,Multiplayer Local,เล่นหลายคนผ่าน LAN,Локален мултиплейър,משחק רשת פנימי,,Multiplayer Lokal,عدة لاعبين محلي
MENU_MODE_MULTIPLAYER_ONLINE,,Online Multiplayer,Multijoueur en ligne,Multijugador en línea,Online Mehrspielermodus,Multiplayer Online,Multijogador em rede,Multijogador em rede,Сетевая игра (онлайн),Πολλαπλοί παίχτες δικτυακά,Çevrimiçi,Online Multiplayer,Online flere spiller,Online-flerspelarläge,Online Multiplayer,Gra Online,Verkkomoninpeli,オンラインマルチプレイ,在线联机,在線聯機,온라인 멀티플레이,Hrát přes síť,Online többjátékos,Multiplayer Online,เล่นหลายคนแบบออนไลน์,Оналйн мултиплейър,משחק רשת חיצוני,,Multiplayer Online,عدة لاعبين اونلاين
MENU_MODE_PLAY_ONLINE,,Play Online,Jouer en ligne,Jugar en línea,Online spielen,Gioca Online,Jogar em rede,Jogar em rede,Играть по сети,Διαδικτυακό παιχνίδι,Çevrimiçi Oyna,Spil online,Online spill,Spela online,Speel online,Graj Online,Pelaa verkossa,オンラインでプレイ,在线游戏,在線游戲,온라인으로 플레이,Hrát online,Online játék,Joaca Online,เล่นออนไลน์,Играй онлайн,שחק באינטרנט,,Main Online,
MENU_MODE_SINGLEPLAYER,,Singleplayer,Solo,Solo,Einzelspielermodus,Giocatore singolo,Um jogador,Um jogador,Одиночная игра,Μονός παίκτης,Tek oyuncu,Enkel spiller,Enkeltspiller,En spelare,Een speler,Jeden gracz,Yksinpeli,シングルプレイ,单人模式,單人模式,싱글플레이,Jeden hráč,Egyjátékos mód,Individual,ผู้เล่นเดี่ยว,Сингълплейър,שחקן יחיד,,,لاعب واحد
MENU_MODE_TRAINING,,Training,Entrainement,Entrenamiento,Training,Addestramento,Treino,Treino,Тренировка,Εκπαίδευση,Eğitim,Træning,Trening,Träning,Training,Trening,Harjoittelu,トレーニング,训练,訓練,트레이닝,Trénink,Tréning,Antrenare,ฝึกฝน,Тренировка,אימונים,,Latihan,
MENU_MODE_TUTORIAL,,Tutorial,Didacticiel,Tutorial,Tutorial,Tutorial,Tutorial,Tutorial,Обучение,Εκμάθηση,Eğitim,Vejledning,Veiledning,Vägledning,Introductie,Wprowadzenie,Opastus,チュートリアル,教程,教程,튜토리얼,Návod,Gyakorlás,Tutorial,บทเรียน,Обучение,מדריך,,Tutorial,
MENU_MODE_VERSUS,,Versus,Versus,Versus,Versus,Sfida,Versus,Versus,Поединок,Έναντι,Vs.,Versus,Kontra,Kontra,Versus,Pojedynek,Vastakkain,対戦,对抗模式,對抗模式,대전 모드,Versus,Egymás elleni,Contra,Versus,Срещу,אחד-מול-השני,,Lawan,ضد
MENU_NAME,Generic – for: human dog ship item,Name,Nom,Nombre,Name,Nome,Nome,Nome,Имя,Ονοματεπώνυμο,İsim,Navn,Navn,Namn,Naam,Imię,Nimi,名前,名称,名稱,이름,Jméno,Név,Nume,ชื่อ,Име,שם,,Nama,
MENU_NAME_FIRST,First name,First Name,Prénom,Nombre,Vorname,Nome,Nome,Primeiro Nome,Имя,Ονομα,Ad,Fornavn,Fornavn,Förnamn,Voornaam,Imię,Etunimi,名前,名字,名字,이름,Jméno,Keresztnév,Prenume,ชื่อจริง,Име,שם פרטי,,Nama Depan,
MENU_NAME_LAST,Family name,Last Name,Nom de famille,Apellidos,Nachname,Cognome,Sobrenome,Último Nome,Фамилия,Επώνυμο,Soyad,Efternavn,Etternavn,Efternamn,Achternaam,Nazwisko,Sukunimi,苗字,姓,姓,성,Přijmení,Vezetéknév,Nume,นามสกุล,Фамилия,שם משפחה,,Nama Belakang,
MENU_NAME_USER,Alias or pseudonym or account name,Username,Nom d'utilisateur,Alias de usuario,Nickname,Username,Usuário,Nome de utilizador,Имя пользователя,Όνομα χρήστη,Kullanıcı Adı,Brugernavn,Brukernavn,Användarnamn,Gebruikersnaam,Nazwa użytkownika,Käyttäjänimi,ユーザーネーム,用户名,用戶名,아이디,Přezdívka,Felhasználó név,Nume utilizator,ชื่อผู้ใช้,Потребител,שם משתמש,,Nama Pengguna,
MENU_OPTIONS,,Options,Options,Opciones,Optionen,Opzioni,Opções,Opções,Настройки,Επιλογές,Ayarlar,Indstillinger,Innstillinger,Inställningar,Instellingen,Ustawienia,Asetukset,設定,设置,設置,설정,Nastavení,Beállítások,Preferințe,ตัวเลือก,Настройки,אפשרויות,,Setelan,خيارات
MENU_OPTIONS_ADVANCEDGRAPHICS,,Advanced Graphics,Options graphiques avancées,Gráficos avanzados,Erweiterte Grafikeinstellungen,Grafica avanzata,Gráficos Avançados,Gráficos Avançados,Расширенные настройки графики,Προχωρημένες επιλογές γραφικών,Gelişmiş Grafikler,Advancerede grafikindstillinger,Avansert grafikk,Avancerade grafikinställningar,Uitgebreide grafische instellingen,Zaawansowane Ustawienia Grafiki,Grafiikka-lisäasetukset,グラフィック詳細設定,先进的图形,先進的圖形,고급 그래픽 설정,Pokročilé grafické nastavení,Részletes grafikai bellítások,Preferițe avansate de grafică,กราฟฟิคขั้นสูง,Детайлни настройки,אפשרויות גרפיקה מתקדמות,,Grafik Lanjutan,
MENU_OPTIONS_ANTIALIASING,,Anti-aliasing,Antialiasing,Anti-aliasing,Antialiasing,Antialiasing,Antisserrilhamento,Antisserrilhamento,Сглаживание,Anti-Aliasing,Kenar Yumuşatma,Antialiasing,Antialiasing,Kantutjämning,Anti-kartelvorming,Antyaliasing,Reunanpehmennys,アンチエイリアス,抗折叠,抗折疊,안티에일리어싱,Antialiasing,Élsimítás,Antialiasing,Antialiasing,Изглаждане на ръбове,Antialiasing,,Antialiasing,
MENU_OPTIONS_BLOOM,,Bloom,Bloom,Bloom,Bloom,Bloom,Bloom,Bloom,Свечение,Διάχυση φωτός,Işık Kütlesi,Bloom,Bloom,Bloom,Gloed,Światło (bloom),Hohto,ブルーム効果,盛开,盛開,블룸 효과,Bloom,Bloom,Bloom,Bloom,Сияния,האדרה,,,
MENU_OPTIONS_CONTROLS,,Controls,Contrôles,Controles,Tastenbelegung,Comandi,Controles,Controlos,Управление,Χειρισμός,Kontroller,Tastindstillinger,Kontroller,Kontroller,Besturing,Sterowanie,Ohjausasetukset,操作方法,操作模式,操作模式,조작 방식,Ovládání,Irányítás,Controale,การบังคับ,Управление,מקשים,,Kontrol,
MENU_OPTIONS_DIFFICULTY,,Difficulty Options,Options de difficulté,Opciones de dificultad,Schwierigkeitseinstellungen,Opzioni per la difficoltà,Opções de Dificuldade,Opções de Dificuldade,Настройки сложности,Επιλογές δυσκολίας,Zorluk Ayarları,Sværhedsgradsinstillinger,Vanskelighetsgradinnstillinger,Svårighetsgradsinställningar,Moeilijkheidsinstellingen,Ustawienia Trudności,Vaikeustasoasetukset,難易度設定,难度设置,難度設置,난이도 설정,Nastavení obtížnosti,Nehézség,Opțiuni dificultate,ตั้งค่าความยาก,Настройки на трудността ,אפשרויות רמת קושי,,Tingkat Kesulitan,خيارات الصعوبة
MENU_OPTIONS_DISPLAY,,Display,Écran,Pantalla,Anzeige,Display,Tela,Ecrã,Экран,Οθόνη,Ekran,Skærm,Skjerm,Skärm,Scherm,Obraz,Näyttö,ディスプレイ,显示,顯示,화면 설정,Zobrazení,Képernyő,Display,หน้าจอ,Екран,צג,,Layar,
MENU_OPTIONS_FIRST_PERSON_VIEW,,First Person View,Vue à la première personne,Primera persona,Egoperspektive,Visuale in prima persona,Visão em primeira pessoa,Visão em primeira pessoa,Вид от 1-го лица,Οπτική 1ου προσώπου,Birinci Kişi Görüşü,Førstepersons synsvinkel,Førstepersons synsvinkel,Förstapersonsvy,Eerste persoonsperspectief,Widok Pierwszej Osoby,Ensimmäinen persoona,一人称視点,第一人称视角,第一人稱視角,1인칭 시점,Pohled z první osoby,Belső nézet,Vedere la persoana întâi,มุมมองบุคคลที่หนึ่ง,Първо лице,גוף ראשון,,,
MENU_OPTIONS_FOV,Field of View,FOV,Champ de vision,FOV,Sichtfeld,FOV,Campo de visão (FOV),FOV,Поле зрения,Βάθος πεδίου,Görüş Mesafesi,Synsfelt,Synsvinkel,Synfält,Gezichtsveld,Pole Widzenia,Näkökenttä,視野角,视场角,視場角,시야각,Zorné pole,Látótér,Câmp de vedere,ระยะการมองเห็น,Зрителен ъгъл,טווח-ראייה,,Jarak Pandangan,
MENU_OPTIONS_FULLSCREEN,,Fullscreen,Plein écran,Pantalla completa,Vollbild,Schermo intero,Tela cheia,Ecrã inteiro,Во весь экран,Πλήρης οθόνη,Tam ekran,Fuld skærm,Fullskjerm,Fullskärm,Volledig scherm,Pełny ekran,Kokoruutu,フルスクリーン,全屏,全屏,전체화면,Celá obrazovka,Teljes képernyő,Ecran complet,เต็มหน้าจอ,На цял екран,מסך מלא,,Layar Penuh,
MENU_OPTIONS_GAMEPLAY,,Gameplay Options,Options de jeu,Opciones de juego,Gameplay-Optionen,Opzioni di gioco,Opções de Jogo,Opções de Jogo,Настройки игры,Επιλογές gameplay,Oyun Ayarları,Spilindstillinger,Spillinnstillinger,Spelinställningar,Spelinstellingen,Ustawienia Gry,Peliasetukset,ゲームプレイ設定,游戏设置,游戲設置,게임플레이 설정,Nastavení hratelnosti,Játékbeállítások,Preferințe joc,ตั้งค่าเกม,Настройки на геймплея,אפשרויות משחק,,Setelan Gameplay,خيارات اللعب
MENU_OPTIONS_GRAPHICS,,Graphics Options,Options graphiques,Ajustes de vídeo,Grafikeinstellungen,Opzioni grafiche,Opções Gráficas,Opções Gráficas,Настройки графики,Επιλογές γραφικών,Grafik Ayarları,Grafiske Indstillinger,Grafikkinnstillinger,Grafikinställningar,Beeldinstellingen,Ustawienia Grafiki,Grafiikka-asetukset,グラフィック設定,图形设置,圖形設置,그래픽 설정,Nastavení grafiky,Grafikai beállítások,Opțiuni grafice,ปรับค่ากราฟฟิค,Настройки на графиката,אפשרויות גרפיקה,,Setelan Grafik,خيارات الرسوميات
MENU_OPTIONS_HUD,Heads Up Display,HUD,HUD,HUD,Anzeige,HUD,HUD,HUD,Интерфейс,HUD,Gösterge,HUD,HUD,HUD,HUD,HUD,HUD,HUD,HUD,HUD,HUD,HUD,HUD,HUD,HUD,Интерфейс,תצוגת-על,,,
MENU_OPTIONS_MUSIC_VOLUME,,Music volume,Volume de la musique,Volumen de la música,Musiklautstärke,Volume della musica,Volume da música,Volume da música,Громкость музыки,Ένταση μουσικής,Müzik Şiddeti,Musik volumen,Musikkvolum,Volym musik,Muziekvolume,Głośność muzyki,Musiikin voimakkuus,BGM音量 ,音乐音量,音樂音量,음악 음량,Hlasitost hudby,Zene hangereje,Volum muzică,ความดังดนตรี,Сила на музиката,עוצמת מוזיקה,,Volume musik,
MENU_OPTIONS_NETWORK,,Network Options,Options de réseau,Opciones de red,Netzwerkoptionen,Opzioni di rete,Opções de Rede,Opções de Rede,Настройки сети,Επιλογές δικτύου,Bağlantı Ayarları,Netværksindstillinger,Nettverksinnstillinger,Nätverksinställningar,Netwerkinstellingen,Ustawienia Sieciowe,Verkkoasetukset,ネットワーク設定,网络设置,網絡設置,네트워크 설정,Nastavení sítě,Hálózati beállítások,Preferințe rețea,ตั้งค่าการเชื่อมต่อ,Настройки на мрежата,אפשרויות רשת,,Setelan Jaringan,خيارات الشبكة
MENU_OPTIONS_QUALITY,,Quality,Qualité,Calidad,Qualität,Qualità,Qualidade,Qualidade,Качество,Ποιότητα,Kalite,Kvalitet,Kvalitet,Kvalitet,Kwaliteit,Jakość,Laatu,クオリティ,质量,質量,품질,Kvalita,Minőség,Calitate,คุณภาพ,Качество,איכות,,Kualitas,
MENU_OPTIONS_RESOLUTION,,Resolution,Résolution,Resolución,Auflösung,Risoluzione,Resolução,Resolução,Разрешение экрана,Ανάλυση,Çözünürlük,Opløsning,Opløsning,Upplösning,Resolutie,Rozdzielczość,Resoluutio,解像度,解析度,解析度,해상도,Rozlišení,Felbontás,Rezoluție,ความละเอียดจอ,Разделителна способност,רזולוציה,,Resolusi,
MENU_OPTIONS_SFX_VOLUME,,Sound effect volume,Volume des effets sonores,Volumen de los efectos de sonido,Soundeffektlautstärke,Volume degli effetti sonori,Volume dos efeitos sonoros,Volume de efeitos sonoros,Громкость эффектов,Ένταση ηχητικών εφέ,Ses Şiddeti,Lydeffekt volumen,Effekt lyd volum,Volym ljudeffekter,Volume geluidseffecten,Głośność efektów,Ääniefektien voimakkuus,SE音量 ,音效音量,音效音量,효과음 음량,Hlasitost efektů,Hanghatások hangereje,Volum efecte sonore,ความดังเอฟเฟค,Сила на звуковите ефекти,עוצמת אפקטים קוליים,,Volume Suara Efek,
MENU_OPTIONS_SHADOW,,Shadow,Ombre,Sombra,Schatten,Ombra,Sombra,Sombra,Тень,Σκιά,Gölge,Skygge,Skygge,Skugga,Schaduw,Cień,Varjo,シャドウ,影子,影子,그림자,Stín,Árnyék,Umbră,เงา,Сянка,צל,,Bayangan,
MENU_OPTIONS_SHADOW_PLURAL,,Shadows,Ombres,Sombras,Schatten,Ombre,Sombras,Sombras,Тени,Σκιές,Gölgeler,Skygger,Skygger,Skuggor,Schaduwen,Cienie,Varjot,シャドウ,阴影效果,陰影效果,그림자,Stíny,Árnyékok,Umbre,เงา,Сенки,צללים,,Bayangan Majemuk,
MENU_OPTIONS_SIZE,,Size,Taille,Tamaño,Größe,Dimensione,Tamanho,Tamanho,Размер,Μέγεθος,Boyut,Størrelse,Størrelse,Storlek,Grootte,Rozmiar,Koko,サイズ,大小,大小,크기,Velikost,Méret,Mărime,ขนาด,Размер,גודל,,Ukuran,
MENU_OPTIONS_SOUND,,Sound Options,Options sonores,Opciones de sonido,Audioeinstellungen,Opzioni audio,Opções de Som,Opções de Som,Настройки звука,Επιλογές ήχου,Ses Ayarları,Lydinstillinger,Lydinnstillinger,Ljudinställningar,Geluidsinstellingen,Ustawienia Dźwieku,Ääniasetukset,サウンド設定,声音设置,聲音設置,소리 설정,Nastavení zvuku,Hangbeállítások,Preferințe sunet,ปรับเสียง,Настройки на звука,אפשרויות קול,,Setelan Suara,خيارات الصوت
MENU_OPTIONS_SOUND_VOLUME,,Volume,Volume,Volumen,Lautstärke,Volume,Volume,Volume,Громкость,Ένταση,Ses Şiddeti,Volumen,Volum,Volym,Volume,Głośność,Äänenvoimakkuus,ボリューム,音量,音量,음량,Hlasitost,Hangerő,Volum,ความดัง,Сила на звука,עוצמה,,Volume,
MENU_OPTIONS_SPLITSCREEN,,Splitscreen,Écran partagé,Pantalla partida,Geteilter Bildschirm,Schermo Condiviso,Tela dividida,Ecrã dividido,Игра с разделением экрана,Splitscreen,Bölünmüş Ekran,Delt skærm,Delt Skjerm,Delad skärm,Gesplitst scherm,Podzielony ekran,Jaettu näyttö,画面分割,分屏,分屏,분할 화면,Rozdělená obrazovka,Osztott képernyő,Ecran împărțit,แบ่งจอ,Разделен екран,מסך מפוצל,,,اقتسام الشاشة
MENU_OPTIONS_THIRD_PERSON_VIEW,,Third Person View,Vue à la troisième personne,Tercera persona,Verfolgerperspektive,Visuale in terza persona,Visão em terceira pessoa,Visão em terceira pessoa,Вид от 3-го лица,Οπτική 3ου προσώπου,Üçüncü Kişi Görüşü,Tredjepersons synsvinkel,Tredjepersons synsvinkel,Tredjepersonsvy,Derde persoonsperspectief,Widok Trzeciej Osoby,Kolmas persoona,三人称視点,第三人称视角,第三人稱視角,3인칭 시점,Pohled ze třetí osoby,Külső nézet,Vedere la persoana a treia,มุุมมองบุคคลที่สาม,Трето лице,גוף שלישי,,,
MENU_OPTIONS_VIDEO,,Video Options,Options vidéo,Opciones de vídeo,Videoeinstellungen,Opzioni video,Opções de Vídeo,Opções de Vídeo,Настройки видео,Επιλογές εικόνας,Video Ayarları,Video Indstillinger,Videoinnstillinger,Videoinställningar,Videoinstellingen,Ustawienia Wideo,Videoasetukset,ビデオ設定,视频设置,視頻設置,영상 설정,Nastavení obrazu,Videobeállítások,Preferințe video,ปรับค่าวีดิโอ,Настройки на видеото,אפשרויות וידאו,,Setelan Video,خيارات الفيديو
MENU_OPTIONS_VIDEO_QUALITY,Movie playback quality,Video Quality,Qualité visuelle,Calidad,Qualität,Qualità,Qualidade de Video,Qualidade de Vídeo,Качество,Ποιότητα,Video Kalitesi,Kvalitet,Kvalitet,Videokvalitet,Videokwaliteit,Jakość,Videon laatu,ビデオクオリティ,视频质量,視頻質量,영상 화질,Kvalita,Minőség,Calitate,คุณภาพ,Качество на видеото,איכות וידאו,,Kualitas,
MENU_OPTIONS_VOICE_VOLUME,,Voice volume,Volume des voix,Volumen de las voces,Stimmenlautstärke,Volume delle voci,Volume das vozes,Volume de voz,Громкость голосов,Ένταση ομιλίας,Konuşma Şiddeti,Stemme volumen,Stemme volum,Volym röster,Stemvolume,Głośność mowy,Puheäänen voimakkuus,ボイス音量 ,声音音量,聲音音量,음성 음량,Hlasitost hlasů,Párbeszédek hangereje,Volum voce,ความดังเสียงพูด,Сила на говора,עוצמת קולות,,Volume Suara Percakapan,
MENU_OPTIONS_VSYNC,,V-sync,VSync,V-sync,Bildschirmsynchronisation,VSync,Vsync,Vsync,Вертикальная синхронизация,Vsync,Dikey Senkronizasyon (Vsync),Vsync,Vsync,Vsync,Vsync,Vsync,Vsync,垂直同期,垂直同步,垂直同步,수직 동기,Vertikální synchronizace obrazu,V-sync,V-sync,V-sync,Верт. синхронизация,Vsync,,V-sync,
MENU_OPTIONS_WINDOWED,,Windowed,Fenêtré,Ventana,Fenstermodus,A finestra,Janela,Janela,Оконный режим,Σε παράθυρο,Pencere,Vindue,Vindusmodus,Fönsterläge,Venster,Okno,Ikkunoitu,ウィンドウモード,窗口模式,窗口模式,창 모드,Režim v okně,Ablakban,Fereastră,หน้าต่าง,В прозорец,חלון,,Layar Kecil,
MENU_OPTIONS_SHADER_DETAIL,,Shader detail,Détail des shaders,Detalles de las sombras,Shader-Detail,Qualità degli shader,Detalhe do shader,Detalhe do shader,Детализация шейдеров,Ποιότητα σκίασης,Shader Detayı,Shaderdetaljer,Shaderdetaljer,Shader-detaljnivå,Verduisteringsdetails,Detale shadera,Pintojen yksityiskoht.,シェーダーの詳細,光影细节,Shader 細節,셰이더 세부 사항,Kvalita shaderu,Shader részletesség,Calitate iluminare și umbrire,รายละเอียด Shader,Детайлност на шейдъри,איכות Shader,,,
MENU_OPTIONS_TEXTURE_DETAIL,,Texture detail,Détail des textures,Detalles de las texturas,Texturdetails,Qualità delle texture,Detalhe das texturas,Detalhe de texturas,Детализация текстур,Λεπτομέρεια δομών,Doku detayı,Teksturdetaljer,Teksturdetalj,Texturdetaljnivå,Texturekwaliteit,Detale tekstur,Tekstuurien yksityiskohtaisuus,テクスチャの詳細,材质细节,材質細節,텍스처 세부 사항,Kvalita textur,Textúra-részletesség,Calitate Texturi,รายละเอียดเท็กซ์เจอร์,Детайлност на текстури,איכות טקסטורות,,,
MENU_OPTIONS_MULTICORE_RENDERING,,Multicore rendering,Rendu multicœur,Renderizado multinúcleo,Multicore-Rendering,Rendering multicore,Renderização multinuclear,Renderização multicore,Многоядерная обработка,Multicore Rendering,Çoklu CPU Kullanımı,Multikerne-gengivelse,Flerkjernegjengivelse,Flerkärnig rendering,Multicore-rendering,Renderowanie wielordzeniowe,Moniydinrenderöinti,マルチコアレンダリング,多核渲染,多核心渲染,다중 코어 렌더링,Vícejádrové vykreslování,Többmagos képalkotás,Optimizare multi-nucleu,การเรนเดอร์แบบ Multicore,Многоядрено рендиране,רינדור רב-ליבות,,,
MENU_OPTIONS_MODEL_DETAIL,,Model detail,Détail du modèle,Detalles de los modelos,Modelldetails,Qualità dei modelli,Detalhe dos modelos,Detalhe de modelos,Детализация моделей,Λεπτομέρεια μοντέλων,Model detayı,Model detaljer,Modelldetalj,Modelldetaljnivå,Modeldetails,Detale modeli,Mallien yksityiskohtaisuus,モデルの詳細,模型细节,模型細節,모델 세부 사항,Kvalita modelu,Modell-részletesség,Calitate Modele,รายละเอียดโมเดล,Детайлност на модели,כמות פרטים (דמות),,,
MENU_OPTIONS_WIDESCREEN,Aspect ratio (16:9 or 16:10),Widescreen,Grand écran,Pantalla panorámica,Breitbild,Widescreen,Widescreen,Panorâmico,Широкий экран,Ευρεία,Geniş ekran,Bredskærmsformat,Widescreen,Widescreen,Breedbeeld,Panoramiczny,Laajakuva,ワイドスクリーン,宽屏幕,寬螢幕,와이드스크린,Širokoúhlý,Panoráma,Monitor Lat,จอกว้าง,Ширина на екрана,מסך רחב,,,
MENU_OPTIONS_EFFECT_DETAIL,,Effect detail,Détail des effets,Detalles de los efectos,Effektdetails,Qualità degli effetti,Detalhe dos efeitos,Detalhe dos efeitos,Детализация эффектов,Λεπτομέρεια εφέ,Efekt Detayı,Detaljegrad for effekter,Effektdetaljer,Detaljnivå för effekter,Effectdetails,Szczegóły efektów,Tehosteiden tarkkuus,エフェクト詳細設定,效果细节,效果細節,효과 세부 묘사,Kvalita efektů,Effektek részletessége,Calitate efecte,รายละเอียดเอฟเฟกต์,Детайлност на ефектите,איכות אפקט,,,
MENU_OPTIONS_FILTERING_ANISOTROPIC,Filtering mode,Anisotropic,Anisotrope,Anisotrópico,Anisotropisch,Anisotropo,Anisotrópico,Anisotrópico,Анизотропная,Anisotropic,Eşyönsüz Süzme,Anisotropisk,Anisotropisk,Anisotropisk,Anisotropisch,Anizotropowe,Anisotrooppinen,異方性,异向,異向,비등방성,Anizotropní,Anizotropikus,Anisotropic,Anisotropic,Анизотропно,Anisotropic,,,
MENU_OPTIONS_FILTERING_BILINEAR,Filtering mode,Bilinear,Bilinéaire,Bilineal,Bilinear,Bilineare,Bilinear,Bilinear,Билинейная,Bilinear,İki Doğrusal Süzme,Bilineær,Bilineær,Bilinjär,Tweelijnig,Dwuliniowe,Bilineaarinen,バイリニア,双线性,雙線性,쌍선형,Bilineární,Bilineáris,Bilinear,Bilinear,Билинейно,Bilinear,,,
MENU_OPTIONS_FILTERING_TRILINEAR,Filtering mode,Trilinear,Trilinéaire,Trilineal,Trilinear,Trilineare,Trilinear,Trilinear,Трилинейная,Trilinear,Üç Doğrusal Süzme,Trilineær,Trilineær,Trilinjär,Drielijnig,Trójliniowe,Trilineaarinen,トライリニア,三线性,三線性,삼선형,Trilineární,Trilineáris,Trilinear,Trilinear,Трилинейно,Trilinear,,,
MENU_OPTIONS_FILTERING_MODE,,Filtering mode,Mode filtrage,Modo de filtro,Filtermodus,Tipo di filtro,Modo de filtragem,Modo de filtragem,Фильтрация,Τύπος φίλτρου,Filtre modu,Filtreringstilstand,Filtreringsmodus,Filtreringsläge,Filter,Tryb filtrowania,Suodatustila,フィルタリング モード,过滤模式,過濾模式,필터링 모드,Filtrovací režim,Szűrési mód,Mod Filtrare,โหมดตัวกรอง,Филтриране,Filtering mode,,,
MENU_SETTING_ULTRA,(Generic) Very High (short),Ultra,Très élevé,Ultra,Sehr hoch,Molto alta,Muito alto,Muito alto,Ультра,Πολύ υψηλή,Çok Yüksek,Meget høj,Svært høy,Mycket hög,Zeer hoog,Poziom b. wysoki,Erittäin korkea,ウルトラ,非常高,最高,매우 높음,Velmi vysoká,Nagyon magas,Foarte bună,สูงมาก,Ултра,מקסימום,,,
MENU_SETTING_VERY_HIGH,(Generic),Very High,Très élevé,Muy alta,Sehr hoch,Molto alta,Muito alto,Muito alto,Очень высокое,Πολύ υψηλή,Çok Yüksek,Meget høj,Svært høy,Mycket hög,Zeer hoog,Bardzo wysoka,Erittäin korkea,最高,非常高,最高,매우 높음,Velmi vysoká,Nagyon magas,Foarte bună,สูงมาก,Много висока,גבוה מאוד,,,
MENU_SETTING_HIGH,(Generic),High,Haut,Alta,Hoch,Alto,Alto,Alto,Высокий,Υψηλό,Yüksek,Høj,Høy,Hög,Hoog,Wysokie,Korkea,高,高,高,높음,Vysoká,Magas,Mare,สูง,Висока,גבוה,,Tinggi,
MENU_SETTING_MEDIUM,(Generic),Medium,Moyen,Medio,Mittel,Medio,Médio,Médio,Средний,Μέτριο,Orta,Mellem,Middels,Medium,Gemiddeld,Srednie,Normaali,中,中,中,중간,Střední,Közepes,Mediu,ปานกลาง,Средна,בינוני,,Sedang,
MENU_SETTING_LOW,(Generic),Low,Bas,Baja,Niedrig,Basso,Baixo,Baixo,Низкий,Χαμηλό,Alçak,Lav,Lav,Låg,Laag,Niskie,Matala,低,低,低,낮음,Nízká,Alacsony,Mic,ต่ำ,Ниска,נמוך,,Rendah,
MENU_VERSION,Game's version number,Version,Version,Versión,Version,Versione,Versão,Versão,Версия,Έκδοση,Versiyon,Version,Versjon,Version,Versie,Wersja,Versio,バージョン,版本,版本,버전,Verze,Verzió,Versiune,เวอร์ชั่น,Версия,גרסה,,Versi,
MENU_VERSION_DEMO,Demo version [short]  '0.3.3 Demo',Demo,Démo,Demo,Demo,Demo,Demo,Demo,Демо,Έκδοση επίδειξης,Demo,Demo,Demo,Demo,Demo,Demo,Demo,デモ,试玩版,試玩版,체험판,Demo,Demó,Demo,ตัวทดลอง,Демо,דמו,,Demo,
MENU_VERSION_FREE,Free version [short],Free,Gratuit,Gratis,Kostenlos,Gratis,Grátis,Grátis,Бесплатная,Δωρεάν,Bedava,Gratis,Gratis,Gratis,Gratis,Darmowa,Ilmainen,無料版,免费版,免費版,무료 버전 (부분 유료),Zdarma,Ingyenes,Gratuită,ฟรี,Безплатна,חינם,,Gratis,
MENU_VERSION_FULL,Full version [short],Full,Complet,Completa,Komplett,Completo,Completo,Completo,Полная,Πλήρης,Tam Sürüm,Fuld,Full,Full,Volledige,Pełna wersja,Täysi,完全版,完整版,完整版,풀 버전,Plná verze,Teljes,Completă,ตัวเต็ม,Пълна,מלא,,Penuh,
MENU_VERSION_LITE,Lite version [short],Lite,Lite,Reducida,Lite,Lite,Lite,Lite,Урезанная,Ελαφρυά,Deneme,Let,Lett,Lite,Lite,Lite,Lite,Lite版,位版本,位版本,라이트 버전,Lite,Csökkentett,Simplă,เวอร์ชั่นย่อมเยา,Непълна,חלקי,,Ringan,
MENU_VERSION_PREMIUM,Premium version [short],Premium,Premium,Premium,Premium,Premium,Premium,Premium,Премиум,Premium,Kaliteli,Premium,Premium,Premium,Premium,Premium,Premium,プレミアム,超值版,超值版,프리미엄 버전,Premiová verze,Prémium,Premium,พิเศษ,Премиум,חינם עם אפשרויות קנייה,,Premium,
MENU_VERSION_SHAREWARE,Shareware version [short],Shareware,Shareware,Shareware,Shareware,Shareware,Shareware,Shareware,Условно-бесплатная,Shareware,Paylaşımlı Yazılım,Shareware,Shareware,Shareware,Shareware,Shareware,Shareware,シェアウェア,共享软件,共享軟件,셰어웨어,Shareware,Shareware,Shareware,Shareware,Шеъруер,SHAREWARE,,,
MENU_VERSION_TRIAL,Trial version [short],Trial,Essai,Prueba,Trial,Prova,Teste,Teste,Пробная,Δοκιμαστική,Deneme,Prøve,Prøve,Prov,Proef,Trial,Trial,体験版,试用版,試用版,기간 한정 시험판,Zkušební verze,Próba,Probă,ตัวทดลอง,Тестова,ניסיון,,Percobaan,
MENU_VR_COMFORT_MODE,For sensitive people in VR,VR comfort mode,Mode de comfort VR,Modo de comodidad VR,VR Comfort Mode,Modalità comfort VR,Zona de Conforto RV,Zona de Conforto RV,Комфортный режим VR,VR λειτουργία άνεσης,VR konfor modu,VR komfort tilstand,VR komfort modus,VR komfortläge,VR comfortmodus,Tryb komfortu WR,VR mukavuustila,VR向けモード,虚拟现实舒适模式,虛擬現實舒適模式,VR 효과 줄이기,VR komfortní režim,VR komfort mód,Mod de confort RV,โหมดถนอมสายตา,VR режим за комфорт,מציאות-מדומה נוחה,,,
MENU_VR_HMD_ORIENT_RESET,Using abbrev. HMD (Head mounted display),HMD orientation reset,Restaurer l'orientation du HDM,Resetear orientación de HMD,HMD-Orientierung zurücksetzen,Resetta orientazione HMD,Reiniciar orientação HMD,Reiniciar orientação HMD,Сброс ориентации VR-шлема,HMD προσανατολισμό επαναφορά,Görüş Ünitesi yön sıfırla.,Nulstil HMD orientering,Nullstill HMD orientering,Nollställ orientering av VR-hjälm,Reset HMD orientatie,Resetuj orientację HMD,HMD suunta alkutilaan,HMDの画面位置設定をリセット,HMD方向重置,HMD方向重置,HMD 방향 재설정,Vyresetovat orientaci HMD,HMD Orientáció beálítás,Resetare orientare HMD ,หน่วยแสดงผลสวมศีรษะ,Нулиране на HMD ориентацията,HMD,,,
MENU_VR_VIRTUAL_REALITY,,Virtual Reality,Réalité virtuelle,Realidad Virtual,Virtuelle Realität,Realtà Virtuale,Realidade Virtual,Realidade Virtual,Виртуальная реальность,Εικονική πραγματικότητα,Sanal Gerçeklik,Virtual Reality,Virtuell virkelighet,Virtuell verklighet,Virtuele Realiteit,Wirtualna Rzeczywistość,Virtuaalitodellisuus,バーチャルリアリティ,虚拟现实,虛擬現實,가상현실,Virtuální realita,Virtuális valóság,Realitate Virtuala,ภาพเสมือน,Виртуална реалност (VR),מציאות-מדומה,,,
END,,,,,,,,,,,,,,,,,,,,,,,,,,,,,,
,,,,,,,,,,,,,,,,,,,,,,,,,,,,,,
,,,,,,,,,,,,,,,,,,,,,,,,,,,,,,
"OK, THE MAIN WORKLOAD NOW IS DOWN HERE, WOULD IT BE BETTER UP TOP?",,,,,,,,,,,,,,,,,,,,,,,,,,,,,,
,,,,,,,,,,,,,,,,,,,,,,,,,,,,,,
-- GENERAL COMMENTS --,For comments concerning the language columns,,,,,,,,,,,,,,,,,,,,,,,,,,,,,
,,Steam does not differentiate between us and uk,Anti-aliasing and HUD have been kept in English until convinced otherwise,,,,http://michaelis.uol.com.br/moderno/portugues/index.php?typePag=novaortografia,http://www.priberam.pt/docs/NovaOrtografia.pdf,,,,,,,,,,,,,쉐→셰 (‘쉐이더’는 /쇠이더/로 읽습니다),,,,,,Not supported by Steam,Not supported by Steam,Not supported by Steam,Not supported by Steam
,,,,,,,pt-BR editors please check the guidelines in the link above,pt-PT editors please check the guidelines in the link above,,,,,,,,,,,,,,,,,,,Congratulations for getting Hebrew to 100% on all the sheets despite it not being in the Steam 1.0 List! We salute you!,,,
,,,,,,,,,,,,,,,,,,,,,,,,,,,,,,
ADDITIONS,"As these string reach full ( Steamlist ) completion, they can be added to the Master above",,,,,,,,,,,,,,,,,,,,,,,,,,,,,
,,,,,,,,,,,,,,,,,,,,,,,,,,,,,,
MENU_CONTROLS_CONTROLLER,Catch-all term for Gamepads Joysticks etc.,Controller,Manette,Controlador,Controller,,Controle,Comando,Контроллер,Χειριστήριο,,Kontroller,Kontroller,Kontroller,,,Ohjain,コントローラー,,,컨트롤러,,Kontroller,,,Джойстик,בקר,,,
MENU_CONTROLS_DPAD,The digital D-Pad,D-Pad,Croix directionnelle,D-Pad,Steuerkreuz,,Direcional,Botões direcionais,Крестовина,,,,D-Pad,,,,Ristiohjain,十字キー,,,십자키,,D-Pad,,,Посоки,בקר וירטואלי,,,
MENU_CONTROLS_HORIZONTAL_SENSITIVITY,,Horizontal sensitivity,Sensibilité horizontale,Sensibilidad horizontal,Horizontale Empfindlichkeit,,Sensibilidade horizontal,Sensibilidade horizontal,Чувствительность по X,Οριζόντια ευαισθησία,,Vandret sensitivitet,Horisontal sensitivitet,Horisontell känslighet,,,Vaakasuora herkkyys,左右方向の感度,,,수평 감도,,Vízszintes érzékenység,,,Хор. чувствителност,רגישות אופקית,,,
MENU_CONTROLS_LAYOUT,Button layout Stick layout,Layout,Disposition,Disposición,Tastenbelegung,,Disposição,Disposição,Раскладка,Διάταξη πλήκτρων,,Opsætning,Oppsett,,,,Määritys,キー配置,,,키 배치,,Kiosztás,,,Конфигурация,תרשים,,,
MENU_CONTROLS_LEFT_STICK,,Left stick,Joystick de gauche,Cruceta izquierda,Linker Stick,,Direcional analógico esquerdo,Manípulo analógico esquerdo,Левый стик,Αριστερό στικ,,,Venstre styrespak,Vänster styrspak,,,Vasen sauva,左スティック,,,왼쪽 스틱,,Bal kar,,,Ляв стик,ג'ויסטיק שמאלי,,,
MENU_CONTROLS_MOUSE_ACCELERATION,as opposed to sensitivity?,Mouse acceleration,Quantité d'accélération,Aceleración del ratón,Mausbeschleunigung,,Aceleração do mouse,Aceleração do rato,Ускорение движения,Επιτάχυνση ποντικιού,,Musse acceleration,Musaksellerasjon,Musacceleration,,,Hiiren kiihtyvyys,マウス加速,,,마우스 가속,,Egér gyorsítás,,,Ускорение на мишката,מהירות עכבר,,,
MENU_CONTROLS_MOUSE_INVERT,,Reverse mouse,Souris inversée,Invertir ratón,Maus umkehren,Inverti il mouse,Inverter mouse,Inverter rato,Инверсия мыши,Αντιστροφή ποντικιού,Ters Fare Hareketi,Omvend mus,Reverser mus,Inverterad mus,Muisrichting omkeren,Odwróć osie,Käänteinen hiiren liike,マウス反転,反转鼠标,反轉滑鼠控制,마우스 반전,Převrátit pohyb myši,Egér invertálása,Inversare Mouse,สลับแกนเมาส์,Обръщане на мишката,היפוך עכבר,,,
MENU_CONTROLS_MOUSE_INVERT_YAXIS,,Invert Y-axis,Souris inversée,Invertir ratón,Maus vertikal invertieren,,Inverter mouse,Inverter eixo-X,Инверсия мыши по оси Y,Αναστροφή Y-άξονα,,Omvendt mus,Reverser mus,Invertera mus,,,Käänteinen hiiren liike,マウス反転,,,수직 반전,,Y-tengely megfordítása,,,Обръщане на оста Y,הפוך צירים,,,
MENU_CONTROLS_MOUSE_WHEEL,,Mouse wheel,Molette de souris,Rueda del ratón,Mausrad,,Roda do mouse,Roda do rato,Колесико мыши,Ροδέλα ποντικιού,,Musehjul,Musehjul,,,,Hiiren rulla,マウスホイール,,,마우스 휠,,Egérgörgő,,,Колело на мишката,גלגלת עכבר,,,
MENU_CONTROLS_NONE,When an action is not bound to any key.,None,Rien,Ninguno,Unbelegt,,Nenhum,Nenhum,Не назначено,κενό,,Ingen,Ingen,,,,Ei mitään,未指定,,,없음,,Nem beálított,,,Нищо,ללא,,,
MENU_CONTROLS_RIGHT_STICK,,Right stick,Joystick de droite,Cruceta derecha,Rechter Stick,,Direcional analógico direito,Manípulo analógico direito,Правый стик,Δεξί στικ,,,Høyre styrespak,Höger styrspak,,,Oikea sauva,右スティック,,,오른쪽 스틱,,Jobb kar,,,Десен стик,ג'ויסטיק ימני,,,
MENU_CONTROLS_STICK,Settings : Gamepad or Joystick stick,Stick,Stick,Cruceta,Stick,,Direcional analógico,Manípulo,Стик,Στικ,,,Styrespak,Styrspak,,,Sauva,スティック,,,스틱,,Kar,,,Стик,ג'ויסטיק,,,
MENU_CONTROLS_VERTICAL_SENSITIVITY,,Vertical sensitivity,Sensibilité verticale,Sensibilidad vertical,Vertikale Empfindlichkeit,,Sensibilidade vertical,Sensibilidade vertical,Чувствительность по Y,Κατακόρυφη ευαισθησία,,Lodret sensitivitet,Vertikal sensitivitet,Vertikal känslighet,,,Pystysuora herkkyys,上下方向の感度,,,수직 감도,,Függőleges érzékenység,,,Верт. чувствителност,רגישות אנכית,,,
MENU_CONTROLS_VIBRATION,,Vibration,Vibrations,Vibración,Vibration,,Vibração,Vibração,Вибрация,Δόνηση,,Vibrationer,Vibrasjon,Vibration,,,Värinä,振動,,,진동,,Rezgés,,,Вибрация,רעד,,,
MENU_LABEL_ALLOW,,Allow,Permettre,Permitir,Zulassen,,Permitir,Permitir,Разрешить,Να επιτραπεί,,Tillad,Tillat,Tillåt,,,Salli,許可,,,허용,,Engedélyez,,,Позволи,אפשר,,,
MENU_LABEL_APPLY,,Apply,Appliquer,Aplicar,Anwenden,,Aplicar,Aplicar,Применить,Εφαρμογή,,Anvend,Bekreft,Verkställ,,,Käytä,適用,,,적용,,Alkalmaz,,,Приложи,יישם,,,
MENU_LABEL_CHOOSE_CHARACTER,,Choose character,Choisir un personnage,Elegir personaje,,,Escolha o personagem,Escolha a personagem,Выбрать персонажа,Επίλεξε χαρακτήρα,,Vælg karakter,Velg karakter,,,,Valitse hahmo,キャラクターを選択する,,,캐릭터 선택,,,,,Избери персонаж,בחר דמות,,,
MENU_LABEL_CHOOSE_HERO,,Choose hero,Choisir un héros,Elegir héroe,Held auswählen,,Escolha o herói,Escolha o herói,Выбрать героя,Επίλεξε ήρωα,,Vælg helt,Velg helt,Välj hjälte,,,Valitse sankari,ヒーローを選択する,,,영웅 선택,,Válassz hőst,,,Избери герой,בחר גיבור,,,
MENU_LABEL_CHOOSE_HERO_FEMALE,,Choose hero,Choisir une héroïne,Elegir heroína,Heldin auswählen,,Escolha a heroína,Escolha a heroína,Выбрать героиню,Επίλεξε ηρωίδα,,Vælg heltinde,Velg heltinne,,,,Valitse sankari,ヒーローを選択する,,,영웅 선택,,Válassz hősnőt,,,Избери героиня,בחר גיבורה,,,
MENU_LABEL_CHOOSE_LANGUAGE,Choose game language,Choose language,Choisir la langue,Elegir idioma,Sprachauswahl,,Escolha o idioma,Escolha o idioma,Выбрать язык,Επίλεξε γλώσσα,,Vælg sprog,Velg språk,Välj språk,,,Valitse kieli,言語を選択する,,,언어 선택,,Válassz nyelvet,,,Избери език,בחירת-שפה,,,
MENU_LABEL_CHOOSE_LEVEL,Choose game world level,Choose level,Choisir un niveau,Elegir nivel,Levelauswahl,,Escolha a fase,Escolha o nível,Выбрать уровень,Επίλεξε επίπεδο,,Vælg level,Velg brett,Välj bana,,,Valitse taso,ステージを選択する,,,레벨 선택,,Válassz pályát,,,Избери ниво,בחירת-שלב,,,
MENU_LABEL_COMMUNITY,,Community,Communauté,Comunidad,Community,,Comunidade,Comunidade,Сообщество,Κοινότητα,,Fællesskab,Fellesskap,,,,Yhteisö,コミュニティ,,,커뮤니티,,Közösség,,,Общност,קהילה,,,
MENU_LABEL_DEFAULT,,Default,Par défaut,Por defecto,Standard,,Predefinido,Predefinido,По умолчанию,Προεπιλογή,,Standard,Standard,Förvalt värde,,,Oletus,デフォルト,,,기본값,,Alapbeállítás,,,По подразбиране,ברירת-מחדל,,,
MENU_LABEL_DENY,,Deny,Refuser,Denegar,Verweigern,,Negar,Negar,Запретить,Να μην επιτραπεί,,Benægt,Avslå,,,,Älä salli,拒否,,,불허,,Tilt,,,Забрани,בטל,,,
MENU_LABEL_DEVELOPER_COMMENTARY,,Developer commentary,Commentaires des dév.,Comentarios del desarrollador,Entwicklerkommentare,,Comentários dos desenvolvedores,,Комментарии разработчиков,Σχολιασμός δημιουργών,,Udvikler kommentar,Utviklerkommentar,Utvecklarkommentarer,,,Kehittäjän kommentit,開発者による解説,,,개발자 코멘터리,,Készítői kommentár,,,Коментар от разработчиците,הערות-מפתח,,,
MENU_LABEL_DEVELOPER_CONSOLE,,Developer console,Console du développeur,Consola de desarrollador,Entwicklerkonsole,,Console para desenvolvedores,,Консоль разработчика,,,Udvikler konsol,Utviklerkonsoll,Utvecklarkonsol,,,Kehittäjäkonsoli,開発者コンソール,,,콘솔,,Játék konzol,,,Конзола за разработчици,קונסולה,,,
MENU_LABEL_DISABLED,,Disabled,Désactivé,Desactivado,Abgeschaltet,,Desligado,,Отключено,Απενεργοποιημένο,,Deaktiveret,Deaktivert,Avavktiverad,,,Ei käytössä,無効,,,비활성화됨,,Letiltva,,,Изключено,מבוטל,,,
MENU_LABEL_DONE,,Done,Terminé,Hecho,Fertig,,Concluído,,Готово,Έγινε,,Færdig,Ferdig,Klar,,,Valmis,決定,,,완료,,Kész,,,Готово,סיים,,,
MENU_LABEL_ENABLED,,Enabled,Activé,Activado,Aktiviert,,Ligado,,Включено,Ενεργοποιημένο,Aktif,Aktiveret,Aktivert,Aktiverad,,,Käytössä,有効,,,활성화됨,,Engedélyezve,,,Включено,אפשר,,,
MENU_LABEL_HIGH_SCORES,Listing of high scores,High scores,Meilleurs scores,Clasificaciones,Bestenliste,,Placar,,Таблицы рекордов,Τοπ βαθμολογίες,,Top scorer,Topplister,Topplista,,,Ennätykset,ハイスコア,,,고득점,,Legjobb eredmények,,,Рекорди,תוצאה גבוהה,,,
MENU_LABEL_IAP_PLURAL,,In-app purchases,Achats intégrés,Compras integradas,In-App-Einkäufe,,Compras no aplicativo,Compras no aplicativo,Внутриигровые покупки,,Uygulama içi satın alma,In-app køb,Kjøp i app,Köp inuti app,In-app aankopen,,Sovelluksen sisäiset ostokset,ゲーム内購入,,,앱 내 구매,,Játékon belüli vásárlás,,,Покупки с реална валута,IAP,,,
MENU_LABEL_LEADERBOARD_PLURAL,Listing of high scores often online,Leaderboards,Classements,Clasificaciones en línea,Bestenlisten,,Ranking,,Таблицы лидеров,Ηγετικές βαθμολογίες,Skor Tahtası,,Ledertavlene,,,,Pistetaulukot,リーダーボード,,,순위표,,Dicsőségfal,,,Класации,לוח-מובילים,,,
MENU_LABEL_PRESS_ANY_BTN_CONTINUE,,Press any button to continue,Appuyez sur une touche pour continuer,Pulsa cualquier botón para continuar,Bitte einen Knopf drücken um fortzufahren,,Pressione qualquer botão para continuar,,Нажмите любую кнопку для продолжения,Πάτα οποιοδήποτε πλήκτρο για να συνεχίσεις,Devam etmek için herhangi bir tuşa basınız,Tryk en vilkårlig knap for at fortsætte,Trykk på en knapp for å fortsette,Tryck valfri knapp för att fortsätta,,,Paina mitä tahansa painiketta jatkaaksesi,続けるにはいずれかのボタンを押す,,,계속하려면 아무 버튼이나 누르세요,,Nyomj meg egy gombot a folytatáshoz,,,Натисни бутон за да продължиш,לחץ על כפתור כלשהו כדי להמשיך,,,
MENU_LABEL_RESET,,Reset,Réinitialiser,Reiniciar,Zurücksetzen,,Reiniciar,,Перезапустить,Επανεκκίνηση,Sıfırla,Nulstil,Nullstill,Återställ,,,Nollaa,リセット,,,재설정,,Visszaállítás,,,Нулирай,התחל מחדש,,,
MENU_LABEL_RETURN_TO,Return to [state] [ TEST CONCAT ],Return to [state],Revenir à [state],Volver a [state],Zurück zu [state],,Retornar a [state],,Вернуться в [state],Επιστροφή σε [state],,Tilbage til [state],Tilbake til [state],Tillbaka till,,,Palaa,[state]へ戻る,,,[state](으)로 돌아가기,,Visszaállítás [state] állapotba,,,Върни се към [state],חזור ל [state],,,
MENU_LABEL_SECRET_CODE,For secret code or cheat code,Code,Code,Código,Geheimcode,,Código,,Код,Κωδικός,Kod,Kode,Kode,Kod,,,Koodi,コード,,,암호,,Kód,,,Код,קוד,,,
MENU_LABEL_USE_DEFAULTS,,Use defaults,Config. par défaut,Usar por defecto,Standardeinstellungen verwenden,,Usar predefinições,,Использовать стандартные настройки,Χρήση προεπιλεγμένων,,Brug standard,Bruk standard,Använd förinställt värde,,,Käytä oletuksia,デフォルトを使用する,,,기본값 사용,,Alapértelmezett beállítások használata,,,По подразбиране,השתמש בברירות-מחדל,,,
MENU_MODE_BENCHMARK,Performance test,Benchmark,Test de performance,Prueba de rendimiento,Benchmark,,Teste de desempenho,,Тест производительности,Μέτρηση επιδόσεων,,Milesten,Benchmark,,,,Suorituskykytesti,ベンチマーク,,,벤치마크,,Benchmark,,,Тест за производителност,בדיקת ביצועים,,,
MENU_MODE_LOCAL,[Adjective],Local,Local,Local,Lokal,,Local,,Локальная,Τοπικό,Lokal,Lokalt,Lokalt,,,,Paikallinen,ローカル,,,로컬,,Helyi,,,Локално,מקומי,,,
MENU_MODE_OFFLINE,[Adjective],Offline,Hors ligne,Sin conexión,Offline,,Offline,,Одиночная,Οφλάιν,Çevrimdışı,Offline,Avlogget,,,,Kirjautunut ulos,オフライン,,,오프라인,,Offline,,,Офлайн,מנותק,,,
MENU_MODE_ONLINE,[Adjective],Online,Connecté,En línea,Online,,Online,,Онлайн,Ονλάιν,Çevrimiçi,Online,Pålogget,,,,Paikalla,オンライン,,,온라인,,Online,,,Онлайн,מחובר,,,
MENU_OPTIONS_ASPECT_RATIO,,Aspect ratio,Rapport hauteur-largeur,Relación de aspecto,Seitenverhältnis,,Proporção,,Формат,Αναλογίες οθόνης,,Formatforhold,Aspektratio,Aspektratio,,,Kuvasuhde,アスペクト比,,,화면비,,Képarány,,,Отношение на страните,יחס-תצוגה,,,
MENU_OPTIONS_DISPLAY_MODE,Fullscreen/windowed,Display mode,Affichage,Modo de visualización,Anzeigemodus,,Modo de exibição,,Режим отображения,Επιλογή μεγέθους,,Visning tilstand,Skjermmodus,Skärmläge,,,Näyttötila,ディスプレイモード,,,디스플레이 모드,,Megjelenítési mód,,,Режим на показване,תצורת-מסך,,,
MENU_OPTIONS_DOF,Depth of Field abbreviation,DOF,Profondeur de champ,DOF,Tiefenschärfe,,Profundidade de campo,,Глубина резкости,DOF,,DOF,DOF,DOF,,,DOF,被写界深度,,,DOF,,DOF,,,Дълбочина на рязкост,DOF,,,
MENU_OPTIONS_MISCELLANEOUS,Not belonging to a group,Miscellaneous settings,Divers,Otras opciones,,,Outras configurações,,,Διάφορες επιλογές,,Diverse indstillinger,Diverse instillinger,,,,Sekalaiset asetukset,その他の設定,,,기타 설정,,,,,Други настройки,מאפיינים נוספים,,,
MENU_OPTIONS_TESSELATION,[Noun] Rendering technique,Tesselation,Tesselation,Teselación,Tesselierung,,Tesselação,,Тесселяция,,,,Tesselasjon,,,Teselacja,Mallien lisätarkkuus,テッセレーション,,,테셀레이션,,Tesszeláció,,,Теселация,Tesselation,,,
MENU_SETTING_VERY_LOW,(Generic),Very Low,Très bas,Muy bajo,,,Muito baixo,,,Πολύ χαμηλό,,Meget Lav,Veldig lav,,,,Hyvin matala,最低,,,매우 낮음,,,,,Много ниска,נמוך-מאוד,,,
MENU_OPTIONS_POINT_LIGHTS,Point lights : amount or toggle,Point lights,Lumières,Luces,,,Pontos de luz,,,Τοπικός φωτισμός,,Punkt lys,Punktlys,,,,,,,,광원,,,,,,Point Lights,,,
MENU_KEYS_ALT,,Alt,Alt,Alt,,,Alt,,,,,Alt,Alt,,,,,,,,알트,,,,,,Alt,,,
MENU_KEYS_CTRL,,Ctrl,Ctrl,Ctrl,,,Ctrl,,,,,Ctrl,Ctrl,,,,,,,,컨트롤,,,,,,Ctrl,,,
MENU_KEYS_SHIFT,,Shift,Shift,Shift,,,Shift,,,,,Shift,Shift,,,,,,,,시프트,,,,,,Shift,,,
MENU_KEYS_ENTER,,Enter,Entrée,Intro,,,Enter,,,,,Enter,Enter,,,,,,,,엔터,,,,,,Enter,,,
MENU_KEYS_ESCAPE,,Esc,Echap,Escape,,,Esc,,,,,Esc,Escape,,,,,,,,ESC,,,,,,Esc,,,
MENU_KEYS_SPACE,,Space,Espace,Barra espaciadora,,,Barra de espaço,,,,,Mellemrum,Mellomrom,,,,,,,,스페이스 바,,,,,,מקש,,,